id_match,id_bookmaker,bookmaker_name,country,championship,season,match_date,match_hour,home,away,first_result_h,first_result_a,second_result_h,second_result_a,result_h,result_a,odds_h_open,odds_h_close,odds_h_var,odds_d_open,odds_d_close,odds_d_var,odds_a_open,odds_a_close,odds_a_var,result,prono_bookmaker,prono_bookmaker_isok
2021-10-01_1.__gre,7,10bet,germany,bundesliga,2021/2022,01/10/2021,20:30:00,1._fc_koln,greuther_furth,0,1,3,0,3,1,"1,6","1,43","-0,17","5,75",7,"1,25","4,15","4,95","0,8",h,h,1
2021-10-01_1.__gre,21,10x10bet,germany,bundesliga,2021/2022,01/10/2021,20:30:00,1._fc_koln,greuther_furth,0,1,3,0,3,1,"1,66","1,43","-0,23","5,4","7,3","1,9","4,2","5,2",1,h,h,1
2021-10-01_1.__gre,9,188bet,germany,bundesliga,2021/2022,01/10/2021,20:30:00,1._fc_koln,greuther_furth,0,1,3,0,3,1,"1,58","1,42","-0,16","4,3","6,8","2,5","3,9","5,2","1,3",h,h,1
2021-10-01_1.__gre,18,1xbet,germany,bundesliga,2021/2022,01/10/2021,20:30:00,1._fc_koln,greuther_furth,0,1,3,0,3,1,"1,71","1,42","-0,29","5,45","7,31","1,86","4,02","5,26","1,24",h,h,1
2021-10-01_1.__gre,17,888sport,germany,bundesliga,2021/2022,01/10/2021,20:30:00,1._fc_koln,greuther_furth,0,1,3,0,3,1,"1,65","1,42","-0,23","4,9",7,"2,1","4,1","4,8","0,7",h,h,1
2021-10-01_1.__gre,5,bet-at-home,germany,bundesliga,2021/2022,01/10/2021,20:30:00,1._fc_koln,greuther_furth,0,1,3,0,3,1,"1,61","1,41","-0,2","4,8","6,6","1,8",4,"5,2","1,2",h,h,1
2021-10-01_1.__gre,8,bet365,germany,bundesliga,2021/2022,01/10/2021,20:30:00,1._fc_koln,greuther_furth,0,1,3,0,3,1,"1,6","1,36","-0,24",5,"7,5","2,5",4,5,1,h,h,1
2021-10-01_1.__gre,6,betfair,germany,bundesliga,2021/2022,01/10/2021,20:30:00,1._fc_koln,greuther_furth,0,1,3,0,3,1,"1,6","1,36","-0,24","4,75","7,5","2,75","4,1",5,"0,9",h,h,1
2021-10-01_1.__gre,2,betsafe,germany,bundesliga,2021/2022,01/10/2021,20:30:00,1._fc_koln,greuther_furth,0,1,3,0,3,1,"1,66","1,45","-0,21",5,"6,5","1,5","4,2",5,"0,8",h,h,1
2021-10-01_1.__gre,15,betsson,germany,bundesliga,2021/2022,01/10/2021,20:30:00,1._fc_koln,greuther_furth,0,1,3,0,3,1,"1,66","1,44","-0,22",5,7,2,"4,2",5,"0,8",h,h,1
2021-10-01_1.__gre,19,betvictor,germany,bundesliga,2021/2022,01/10/2021,20:30:00,1._fc_koln,greuther_furth,0,1,3,0,3,1,"1,65","1,4","-0,25","4,8",7,"2,2","4,1","5,25","1,15",h,h,1
2021-10-01_1.__gre,14,betway,germany,bundesliga,2021/2022,01/10/2021,20:30:00,1._fc_koln,greuther_furth,0,1,3,0,3,1,"1,62","1,4","-0,22","5,25",7,"1,75","4,2",5,"0,8",h,h,1
2021-10-01_1.__gre,1,bwin,germany,bundesliga,2021/2022,01/10/2021,20:30:00,1._fc_koln,greuther_furth,0,1,3,0,3,1,"1,62","1,4","-0,22",5,"7,25","2,25","3,9",5,"1,1",h,h,1
2021-10-01_1.__gre,13,comeon,germany,bundesliga,2021/2022,01/10/2021,20:30:00,1._fc_koln,greuther_furth,0,1,3,0,3,1,"1,58","1,4","-0,18","5,5",7,"1,5","4,05",5,"0,95",h,h,1
2021-10-01_1.__gre,3,interwetten,germany,bundesliga,2021/2022,01/10/2021,20:30:00,1._fc_koln,greuther_furth,0,1,3,0,3,1,"1,65","1,47","-0,18","4,9","6,25","1,35","4,2","4,8","0,6",h,h,1
2021-10-01_1.__gre,10,pinnacle,germany,bundesliga,2021/2022,01/10/2021,20:30:00,1._fc_koln,greuther_furth,0,1,3,0,3,1,"1,63","1,42","-0,21","5,12","7,59","2,47","3,99","5,29","1,3",h,h,1
2021-10-01_1.__gre,20,sbobet,germany,bundesliga,2021/2022,01/10/2021,20:30:00,1._fc_koln,greuther_furth,0,1,3,0,3,1,"1,6","1,4","-0,2","4,55","6,76","2,21","3,59","4,84","1,25",h,h,1
2021-10-01_1.__gre,4,unibet,germany,bundesliga,2021/2022,01/10/2021,20:30:00,1._fc_koln,greuther_furth,0,1,3,0,3,1,"1,65","1,42","-0,23","4,9",7,"2,1","4,1","4,8","0,7",h,h,1
2021-10-01_1.__gre,22,william hill,germany,bundesliga,2021/2022,01/10/2021,20:30:00,1._fc_koln,greuther_furth,0,1,3,0,3,1,"1,63","1,4","-0,23",5,"7,5","2,5",4,"4,8","0,8",h,h,1
2021-10-01_1.__gre,12,betfair exchange,germany,bundesliga,2021/2022,01/10/2021,20:30:00,1._fc_koln,greuther_furth,0,1,3,0,3,1,"1,44","1,41","-0,03","3,4","7,84","4,44","2,92","5,18","2,26",h,h,1
2022-10-01_1.__dor,7,10bet,germany,bundesliga,2022/2023,01/10/2022,15:30:00,1._fc_koln,dortmund,0,1,3,1,3,2,3,"3,1","0,1",2,"2,25","0,25","3,55","3,65","0,1",h,d,0
2022-10-01_1.__dor,21,10x10bet,germany,bundesliga,2022/2023,01/10/2022,15:30:00,1._fc_koln,dortmund,0,1,3,1,3,2,"3,09","3,23","0,14","2,08","2,17","0,09","4,4","3,86","-0,54",h,d,0
2022-10-01_1.__dor,9,188bet,germany,bundesliga,2022/2023,01/10/2022,15:30:00,1._fc_koln,dortmund,0,1,3,1,3,2,"3,5","3,1","-0,4","1,94","2,21","0,27",4,"3,75","-0,25",h,d,0
2022-10-01_1.__dor,18,1xbet,germany,bundesliga,2022/2023,01/10/2022,15:30:00,1._fc_koln,dortmund,0,1,3,1,3,2,"3,98","3,29","-0,69","1,81","2,13","0,32","4,68","3,87","-0,81",h,d,0
2022-10-01_1.__dor,17,888sport,germany,bundesliga,2022/2023,01/10/2022,15:30:00,1._fc_koln,dortmund,0,1,3,1,3,2,"3,9","3,05","-0,85","1,75","2,15","0,4","4,25","3,7","-0,55",h,d,0
2022-10-01_1.__dor,5,bet-at-home,germany,bundesliga,2022/2023,01/10/2022,15:30:00,1._fc_koln,dortmund,0,1,3,1,3,2,"3,8","3,05","-0,75","1,74","2,22","0,48","4,1","3,7","-0,4",h,d,0
2022-10-01_1.__dor,8,bet365,germany,bundesliga,2022/2023,01/10/2022,15:30:00,1._fc_koln,dortmund,0,1,3,1,3,2,"3,5",3,"-0,5","1,9","2,2","0,3","3,8","3,8",0,h,d,0
2022-10-01_1.__dor,6,betfair,germany,bundesliga,2022/2023,01/10/2022,15:30:00,1._fc_koln,dortmund,0,1,3,1,3,2,"3,8","3,1","-0,7","1,7","2,1","0,4","4,5","3,7","-0,8",h,d,0
2022-10-01_1.__dor,2,betsafe,germany,bundesliga,2022/2023,01/10/2022,15:30:00,1._fc_koln,dortmund,0,1,3,1,3,2,4,"3,1","-0,9","1,8","2,2","0,4","4,35","3,75","-0,6",h,d,0
2022-10-01_1.__dor,15,betsson,germany,bundesliga,2022/2023,01/10/2022,15:30:00,1._fc_koln,dortmund,0,1,3,1,3,2,4,"3,1","-0,9","1,8","2,2","0,4","4,35","3,75","-0,6",h,d,0
2022-10-01_1.__dor,19,betvictor,germany,bundesliga,2022/2023,01/10/2022,15:30:00,1._fc_koln,dortmund,0,1,3,1,3,2,"3,5","2,9","-0,6","1,91","2,2","0,29",4,"3,8","-0,2",h,d,0
2022-10-01_1.__dor,14,betway,germany,bundesliga,2022/2023,01/10/2022,15:30:00,1._fc_koln,dortmund,0,1,3,1,3,2,"3,5","3,1","-0,4","1,95","2,15","0,2",4,"3,75","-0,25",h,d,0
2022-10-01_1.__dor,1,bwin,germany,bundesliga,2022/2023,01/10/2022,15:30:00,1._fc_koln,dortmund,0,1,3,1,3,2,"3,7","3,1","-0,6","1,78","2,15","0,37","4,4","3,6","-0,8",h,d,0
2022-10-01_1.__dor,13,comeon,germany,bundesliga,2022/2023,01/10/2022,15:30:00,1._fc_koln,dortmund,0,1,3,1,3,2,"3,15","3,1","-0,05",2,"2,2","0,2","3,7","3,65","-0,05",h,d,0
2022-10-01_1.__dor,3,interwetten,germany,bundesliga,2022/2023,01/10/2022,15:30:00,1._fc_koln,dortmund,0,1,3,1,3,2,"3,5","3,05","-0,45","1,95","2,2","0,25","3,9","3,7","-0,2",h,d,0
2022-10-01_1.__dor,10,pinnacle,germany,bundesliga,2022/2023,01/10/2022,15:30:00,1._fc_koln,dortmund,0,1,3,1,3,2,"3,11","3,07","-0,04","2,09","2,27","0,18","4,48","3,79","-0,69",h,d,0
2022-10-01_1.__dor,4,unibet,germany,bundesliga,2022/2023,01/10/2022,15:30:00,1._fc_koln,dortmund,0,1,3,1,3,2,"3,2","3,1","-0,1","2,05","2,15","0,1",4,"3,75","-0,25",h,d,0
2022-10-01_1.__dor,22,william hill,germany,bundesliga,2022/2023,01/10/2022,15:30:00,1._fc_koln,dortmund,0,1,3,1,3,2,"3,5","3,1","-0,4","1,95","2,15","0,2","3,8","3,7","-0,1",h,d,0
2022-10-01_1.__dor,12,betfair exchange,germany,bundesliga,2022/2023,01/10/2022,15:30:00,1._fc_koln,dortmund,0,1,3,1,3,2,"3,65",3,"-0,65","1,73","2,25","0,52","4,1","3,76","-0,34",h,d,0
2018-12-01_1.__gre,7,10bet,germany,2-bundesliga,2018/2019,01/12/2018,13:00:00,1._fc_koln,greuther_furth,1,0,3,0,4,0,"1,49","1,37","-0,12","5,65","7,5","1,85","4,15","4,95","0,8",h,h,1
2018-12-01_1.__gre,9,188bet,germany,2-bundesliga,2018/2019,01/12/2018,13:00:00,1._fc_koln,greuther_furth,1,0,3,0,4,0,"1,47","1,39","-0,08","5,5","7,2","1,7","4,55","5,1","0,55",h,h,1
2018-12-01_1.__gre,18,1xbet,germany,2-bundesliga,2018/2019,01/12/2018,13:00:00,1._fc_koln,greuther_furth,1,0,3,0,4,0,"1,54","1,4","-0,14","6,45","7,5","1,05","4,12","4,9","0,78",h,h,1
2018-12-01_1.__gre,17,888sport,germany,2-bundesliga,2018/2019,01/12/2018,13:00:00,1._fc_koln,greuther_furth,1,0,3,0,4,0,"1,45","1,4","-0,05","6,5","6,5",0,"4,2","4,7","0,5",h,h,1
2018-12-01_1.__gre,5,bet-at-home,germany,2-bundesliga,2018/2019,01/12/2018,13:00:00,1._fc_koln,greuther_furth,1,0,3,0,4,0,"1,49","1,37","-0,12","6,37","6,97","0,6","3,95","4,89","0,94",h,h,1
2018-12-01_1.__gre,8,bet365,germany,2-bundesliga,2018/2019,01/12/2018,13:00:00,1._fc_koln,greuther_furth,1,0,3,0,4,0,"1,44","1,36","-0,08",7,8,1,"4,33","4,75","0,42",h,h,1
2018-12-01_1.__gre,6,betfair,germany,2-bundesliga,2018/2019,01/12/2018,13:00:00,1._fc_koln,greuther_furth,1,0,3,0,4,0,"1,47","1,36","-0,11","5,5","7,5",2,4,5,1,h,h,1
2018-12-01_1.__gre,2,betsafe,germany,2-bundesliga,2018/2019,01/12/2018,13:00:00,1._fc_koln,greuther_furth,1,0,3,0,4,0,"1,39","1,37","-0,02","6,2","6,6","0,4","4,5","4,6","0,1",h,h,1
2018-12-01_1.__gre,15,betsson,germany,2-bundesliga,2018/2019,01/12/2018,13:00:00,1._fc_koln,greuther_furth,1,0,3,0,4,0,"1,42","1,39","-0,03","6,3","6,7","0,4","4,6","4,65","0,05",h,h,1
2018-12-01_1.__gre,19,betvictor,germany,2-bundesliga,2018/2019,01/12/2018,13:00:00,1._fc_koln,greuther_furth,1,0,3,0,4,0,"1,5","1,4","-0,1","6,5","7,5",1,"4,33",5,"0,67",h,h,1
2018-12-01_1.__gre,14,betway,germany,2-bundesliga,2018/2019,01/12/2018,13:00:00,1._fc_koln,greuther_furth,1,0,3,0,4,0,"1,45","1,4","-0,05","6,5",8,"1,5","4,33",5,"0,67",h,h,1
2018-12-01_1.__gre,1,bwin,germany,2-bundesliga,2018/2019,01/12/2018,13:00:00,1._fc_koln,greuther_furth,1,0,3,0,4,0,"1,5","1,36","-0,14","6,5",8,"1,5",4,5,1,h,h,1
2018-12-01_1.__gre,13,comeon,germany,2-bundesliga,2018/2019,01/12/2018,13:00:00,1._fc_koln,greuther_furth,1,0,3,0,4,0,"1,49","1,37","-0,12","5,65","7,5","1,85","4,15","4,95","0,8",h,h,1
2018-12-01_1.__gre,3,interwetten,germany,2-bundesliga,2018/2019,01/12/2018,13:00:00,1._fc_koln,greuther_furth,1,0,3,0,4,0,"1,4","1,45","0,05","6,6",7,"0,4","4,75",4,"-0,75",h,h,1
2018-12-01_1.__gre,10,pinnacle,germany,2-bundesliga,2018/2019,01/12/2018,13:00:00,1._fc_koln,greuther_furth,1,0,3,0,4,0,"1,44","1,39","-0,05","7,33","7,98","0,65","4,74","5,13","0,39",h,h,1
2018-12-01_1.__gre,20,sbobet,germany,2-bundesliga,2018/2019,01/12/2018,13:00:00,1._fc_koln,greuther_furth,1,0,3,0,4,0,"1,45","1,36","-0,09",6,7,1,"4,4",5,"0,6",h,h,1
2018-12-01_1.__gre,4,unibet,germany,2-bundesliga,2018/2019,01/12/2018,13:00:00,1._fc_koln,greuther_furth,1,0,3,0,4,0,"1,45","1,4","-0,05","6,75","6,75",0,"4,25","4,75","0,5",h,h,1
2018-12-01_1.__gre,22,william hill,germany,2-bundesliga,2018/2019,01/12/2018,13:00:00,1._fc_koln,greuther_furth,1,0,3,0,4,0,"1,47","1,38","-0,09","6,5","7,5",1,"4,2","4,8","0,6",h,h,1
2018-12-01_1.__gre,12,betfair exchange,germany,2-bundesliga,2018/2019,01/12/2018,13:00:00,1._fc_koln,greuther_furth,1,0,3,0,4,0,"1,33","1,4","0,07","1,19","8,41","7,22","2,72","5,18","2,46",h,h,1
2020-06-01_1.__rb_,7,10bet,germany,bundesliga,2019/2020,01/06/2020,20:30:00,1._fc_koln,rb_leipzig,1,2,1,2,2,4,"4,05","5,95","1,9","1,83","1,51","-0,32","3,85","4,7","0,85",a,d,0
2020-06-01_1.__rb_,9,188bet,germany,bundesliga,2019/2020,01/06/2020,20:30:00,1._fc_koln,rb_leipzig,1,2,1,2,2,4,4,"5,4","1,4","1,7","1,55","-0,15","4,1","4,85","0,75",a,d,0
2020-06-01_1.__rb_,18,1xbet,germany,bundesliga,2019/2020,01/06/2020,20:30:00,1._fc_koln,rb_leipzig,1,2,1,2,2,4,"4,2",6,"1,8","1,89","1,52","-0,37",4,"4,87","0,87",a,d,0
2020-06-01_1.__rb_,17,888sport,germany,bundesliga,2019/2020,01/06/2020,20:30:00,1._fc_koln,rb_leipzig,1,2,1,2,2,4,5,"5,75","0,75","1,6","1,49","-0,11","4,25","4,6","0,35",a,d,0
2020-06-01_1.__rb_,5,bet-at-home,germany,bundesliga,2019/2020,01/06/2020,20:30:00,1._fc_koln,rb_leipzig,1,2,1,2,2,4,4,"5,6","1,6","1,81","1,51","-0,3","3,75","4,7","0,95",a,d,0
2020-06-01_1.__rb_,8,bet365,germany,bundesliga,2019/2020,01/06/2020,20:30:00,1._fc_koln,rb_leipzig,1,2,1,2,2,4,5,"5,5","0,5","1,61","1,5","-0,11",4,"4,75","0,75",a,d,0
2020-06-01_1.__rb_,6,betfair,germany,bundesliga,2019/2020,01/06/2020,20:30:00,1._fc_koln,rb_leipzig,1,2,1,2,2,4,4,"5,5","1,5","1,8","1,47","-0,33","3,8","4,5","0,7",a,d,0
2020-06-01_1.__rb_,2,betsafe,germany,bundesliga,2019/2020,01/06/2020,20:30:00,1._fc_koln,rb_leipzig,1,2,1,2,2,4,"5,45","5,85","0,4","1,54","1,5","-0,04","4,75","4,85","0,1",a,d,0
2020-06-01_1.__rb_,15,betsson,germany,bundesliga,2019/2020,01/06/2020,20:30:00,1._fc_koln,rb_leipzig,1,2,1,2,2,4,"5,45","5,85","0,4","1,54","1,5","-0,04","4,75","4,85","0,1",a,d,0
2020-06-01_1.__rb_,19,betvictor,germany,bundesliga,2019/2020,01/06/2020,20:30:00,1._fc_koln,rb_leipzig,1,2,1,2,2,4,"4,1","5,75","1,65","1,73","1,5","-0,23",4,"4,8","0,8",a,d,0
2020-06-01_1.__rb_,14,betway,germany,bundesliga,2019/2020,01/06/2020,20:30:00,1._fc_koln,rb_leipzig,1,2,1,2,2,4,"4,75","5,5","0,75","1,67","1,53","-0,14","4,2","4,5","0,3",a,d,0
2020-06-01_1.__rb_,1,bwin,germany,bundesliga,2019/2020,01/06/2020,20:30:00,1._fc_koln,rb_leipzig,1,2,1,2,2,4,"4,75","5,25","0,5","1,65","1,53","-0,12",4,"4,75","0,75",a,d,0
2020-06-01_1.__rb_,13,comeon,germany,bundesliga,2019/2020,01/06/2020,20:30:00,1._fc_koln,rb_leipzig,1,2,1,2,2,4,"3,85","5,85",2,"1,77","1,5","-0,27","3,65","4,65",1,a,d,0
2020-06-01_1.__rb_,3,interwetten,germany,bundesliga,2019/2020,01/06/2020,20:30:00,1._fc_koln,rb_leipzig,1,2,1,2,2,4,"5,2","5,7","0,5","1,57","1,5","-0,07","4,45","4,7","0,25",a,d,0
2020-06-01_1.__rb_,10,pinnacle,germany,bundesliga,2019/2020,01/06/2020,20:30:00,1._fc_koln,rb_leipzig,1,2,1,2,2,4,"4,45",6,"1,55","1,79","1,53","-0,26","3,99","4,74","0,75",a,d,0
2020-06-01_1.__rb_,20,sbobet,germany,bundesliga,2019/2020,01/06/2020,20:30:00,1._fc_koln,rb_leipzig,1,2,1,2,2,4,"4,65","5,61","0,96","1,58","1,52","-0,06","3,64","4,36","0,72",a,d,0
2020-06-01_1.__rb_,4,unibet,germany,bundesliga,2019/2020,01/06/2020,20:30:00,1._fc_koln,rb_leipzig,1,2,1,2,2,4,5,"5,8","0,8","1,61","1,5","-0,11","4,3","4,6","0,3",a,d,0
2020-06-01_1.__rb_,22,william hill,germany,bundesliga,2019/2020,01/06/2020,20:30:00,1._fc_koln,rb_leipzig,1,2,1,2,2,4,"4,6","5,8","1,2","1,7","1,52","-0,18","4,2","4,6","0,4",a,d,0
2020-06-01_1.__rb_,12,betfair exchange,germany,bundesliga,2019/2020,01/06/2020,20:30:00,1._fc_koln,rb_leipzig,1,2,1,2,2,4,"3,15","6,13","2,98","1,36","1,52","0,16","3,4","4,71","1,31",a,d,0
2018-11-10_1.__dre,7,10bet,germany,2-bundesliga,2018/2019,10/11/2018,13:00:00,1._fc_koln,dresden,2,0,6,1,8,1,"1,56","1,53","-0,03","5,75","5,95","0,2","3,65","4,1","0,45",h,h,1
2018-11-10_1.__dre,9,188bet,germany,2-bundesliga,2018/2019,10/11/2018,13:00:00,1._fc_koln,dresden,2,0,6,1,8,1,"1,55","1,56","0,01","5,2","5,8","0,6","4,1","4,2","0,1",h,h,1
2018-11-10_1.__dre,18,1xbet,germany,2-bundesliga,2018/2019,10/11/2018,13:00:00,1._fc_koln,dresden,2,0,6,1,8,1,"1,55","1,56","0,01","4,88","6,25","1,37","3,74","4,04","0,3",h,h,1
2018-11-10_1.__dre,17,888sport,germany,2-bundesliga,2018/2019,10/11/2018,13:00:00,1._fc_koln,dresden,2,0,6,1,8,1,"2,04","1,5","-0,54","3,5","6,1","2,6","3,35","4,1","0,75",h,h,1
2018-11-10_1.__dre,5,bet-at-home,germany,2-bundesliga,2018/2019,10/11/2018,13:00:00,1._fc_koln,dresden,2,0,6,1,8,1,"1,63","1,51","-0,12","5,01","5,48","0,47","3,75","4,22","0,47",h,h,1
2018-11-10_1.__dre,8,bet365,germany,2-bundesliga,2018/2019,10/11/2018,13:00:00,1._fc_koln,dresden,2,0,6,1,8,1,"1,57","1,55","-0,02",6,"5,5","-0,5","3,8","4,2","0,4",h,h,1
2018-11-10_1.__dre,6,betfair,germany,2-bundesliga,2018/2019,10/11/2018,13:00:00,1._fc_koln,dresden,2,0,6,1,8,1,"1,57","1,5","-0,07",5,"5,5","0,5","3,8","4,33","0,53",h,h,1
2018-11-10_1.__dre,2,betsafe,germany,2-bundesliga,2018/2019,10/11/2018,13:00:00,1._fc_koln,dresden,2,0,6,1,8,1,"1,51","1,51",0,"5,4","5,55","0,15","3,95","3,85","-0,1",h,h,1
2018-11-10_1.__dre,15,betsson,germany,2-bundesliga,2018/2019,10/11/2018,13:00:00,1._fc_koln,dresden,2,0,6,1,8,1,"1,53","1,53",0,"5,5","5,6","0,1",4,"3,95","-0,05",h,h,1
2018-11-10_1.__dre,19,betvictor,germany,2-bundesliga,2018/2019,10/11/2018,13:00:00,1._fc_koln,dresden,2,0,6,1,8,1,"1,62","1,57","-0,05","5,4","5,5","0,1",4,"4,33","0,33",h,h,1
2018-11-10_1.__dre,14,betway,germany,2-bundesliga,2018/2019,10/11/2018,13:00:00,1._fc_koln,dresden,2,0,6,1,8,1,"1,6","1,55","-0,05","5,5","5,25","-0,25","3,8","4,2","0,4",h,h,1
2018-11-10_1.__dre,1,bwin,germany,2-bundesliga,2018/2019,10/11/2018,13:00:00,1._fc_koln,dresden,2,0,6,1,8,1,"1,65","1,5","-0,15",5,"6,5","1,5","3,8","4,1","0,3",h,h,1
2018-11-10_1.__dre,13,comeon,germany,2-bundesliga,2018/2019,10/11/2018,13:00:00,1._fc_koln,dresden,2,0,6,1,8,1,"1,56","1,53","-0,03","5,75","5,95","0,2","3,65","4,1","0,45",h,h,1
2018-11-10_1.__dre,3,interwetten,germany,2-bundesliga,2018/2019,10/11/2018,13:00:00,1._fc_koln,dresden,2,0,6,1,8,1,"1,5","1,55","0,05","5,6","5,5","-0,1","4,3",4,"-0,3",h,h,1
2018-11-10_1.__dre,10,pinnacle,germany,2-bundesliga,2018/2019,10/11/2018,13:00:00,1._fc_koln,dresden,2,0,6,1,8,1,"1,52","1,56","0,04","6,73","6,49","-0,24","4,29","4,12","-0,17",h,h,1
2018-11-10_1.__dre,20,sbobet,germany,2-bundesliga,2018/2019,10/11/2018,13:00:00,1._fc_koln,dresden,2,0,6,1,8,1,"1,51","1,54","0,03","5,6","5,2","-0,4","4,2","4,2",0,h,h,1
2018-11-10_1.__dre,4,unibet,germany,2-bundesliga,2018/2019,10/11/2018,13:00:00,1._fc_koln,dresden,2,0,6,1,8,1,"2,05","1,5","-0,55","3,55","6,25","2,7","3,35","4,1","0,75",h,h,1
2018-11-10_1.__dre,22,william hill,germany,2-bundesliga,2018/2019,10/11/2018,13:00:00,1._fc_koln,dresden,2,0,6,1,8,1,"1,62","1,53","-0,09",5,"5,25","0,25",4,"4,33","0,33",h,h,1
2018-11-10_1.__dre,12,betfair exchange,germany,2-bundesliga,2018/2019,10/11/2018,13:00:00,1._fc_koln,dresden,2,0,6,1,8,1,"1,01","1,54","0,53","1,01","6,51","5,5","1,01","4,33","3,32",h,h,1
2021-12-10_1.__aug,7,10bet,germany,bundesliga,2021/2022,10/12/2021,20:30:00,1._fc_koln,augsburg,0,0,0,2,0,2,"1,62","1,66","0,04","4,55","4,8","0,25","3,5","4,1","0,6",a,h,0
2021-12-10_1.__aug,21,10x10bet,germany,bundesliga,2021/2022,10/12/2021,20:30:00,1._fc_koln,augsburg,0,0,0,2,0,2,"1,7","1,72","0,02","5,2",5,"-0,2",4,4,0,a,h,0
2021-12-10_1.__aug,9,188bet,germany,bundesliga,2021/2022,10/12/2021,20:30:00,1._fc_koln,augsburg,0,0,0,2,0,2,"1,66","1,74","0,08","5,2","4,65","-0,55","4,05",4,"-0,05",a,h,0
2021-12-10_1.__aug,18,1xbet,germany,bundesliga,2021/2022,10/12/2021,20:30:00,1._fc_koln,augsburg,0,0,0,2,0,2,"1,86","1,66","-0,2","4,42","5,32","0,9","3,96","4,11","0,15",a,h,0
2021-12-10_1.__aug,17,888sport,germany,bundesliga,2021/2022,10/12/2021,20:30:00,1._fc_koln,augsburg,0,0,0,2,0,2,"1,61","1,64","0,03","5,3","5,1","-0,2","4,1",4,"-0,1",a,h,0
2021-12-10_1.__aug,5,bet-at-home,germany,bundesliga,2021/2022,10/12/2021,20:30:00,1._fc_koln,augsburg,0,0,0,2,0,2,"1,75","1,73","-0,02","4,2","4,5","0,3","3,7","4,1","0,4",a,h,0
2021-12-10_1.__aug,8,bet365,germany,bundesliga,2021/2022,10/12/2021,20:30:00,1._fc_koln,augsburg,0,0,0,2,0,2,"1,65","1,66","0,01","4,75","4,75",0,4,4,0,a,h,0
2021-12-10_1.__aug,6,betfair,germany,bundesliga,2021/2022,10/12/2021,20:30:00,1._fc_koln,augsburg,0,0,0,2,0,2,"1,7","1,65","-0,05","4,33","4,75","0,42",4,4,0,a,h,0
2021-12-10_1.__aug,2,betsafe,germany,bundesliga,2021/2022,10/12/2021,20:30:00,1._fc_koln,augsburg,0,0,0,2,0,2,"1,72","1,75","0,03","4,75","4,5","-0,25",4,4,0,a,h,0
2021-12-10_1.__aug,15,betsson,germany,bundesliga,2021/2022,10/12/2021,20:30:00,1._fc_koln,augsburg,0,0,0,2,0,2,"1,72","1,75","0,03","4,75","4,5","-0,25",4,4,0,a,h,0
2021-12-10_1.__aug,19,betvictor,germany,bundesliga,2021/2022,10/12/2021,20:30:00,1._fc_koln,augsburg,0,0,0,2,0,2,"1,67","1,7","0,03","4,75","4,5","-0,25",4,"4,1","0,1",a,h,0
2021-12-10_1.__aug,14,betway,germany,bundesliga,2021/2022,10/12/2021,20:30:00,1._fc_koln,augsburg,0,0,0,2,0,2,"1,7","1,73","0,03",5,"4,5","-0,5","3,8",4,"0,2",a,h,0
2021-12-10_1.__aug,1,bwin,germany,bundesliga,2021/2022,10/12/2021,20:30:00,1._fc_koln,augsburg,0,0,0,2,0,2,"1,68","1,62","-0,06","4,8",5,"0,2","3,9","4,1","0,2",a,h,0
2021-12-10_1.__aug,13,comeon,germany,bundesliga,2021/2022,10/12/2021,20:30:00,1._fc_koln,augsburg,0,0,0,2,0,2,"1,6","1,66","0,06","4,85","4,95","0,1","3,75","4,2","0,45",a,h,0
2021-12-10_1.__aug,3,interwetten,germany,bundesliga,2021/2022,10/12/2021,20:30:00,1._fc_koln,augsburg,0,0,0,2,0,2,"1,8","1,75","-0,05","4,3","4,6","0,3","3,75","3,85","0,1",a,h,0
2021-12-10_1.__aug,10,pinnacle,germany,bundesliga,2021/2022,10/12/2021,20:30:00,1._fc_koln,augsburg,0,0,0,2,0,2,"1,7","1,75","0,05","5,26","4,97","-0,29","4,04","3,97","-0,07",a,h,0
2021-12-10_1.__aug,20,sbobet,germany,bundesliga,2021/2022,10/12/2021,20:30:00,1._fc_koln,augsburg,0,0,0,2,0,2,"1,66","1,7","0,04","4,17","4,46","0,29","3,5","3,83","0,33",a,h,0
2021-12-10_1.__aug,4,unibet,germany,bundesliga,2021/2022,10/12/2021,20:30:00,1._fc_koln,augsburg,0,0,0,2,0,2,"1,67","1,66","-0,01","4,9",5,"0,1","3,95",4,"0,05",a,h,0
2021-12-10_1.__aug,22,william hill,germany,bundesliga,2021/2022,10/12/2021,20:30:00,1._fc_koln,augsburg,0,0,0,2,0,2,"1,65","1,65",0,5,"4,8","-0,2","3,9",4,"0,1",a,h,0
2021-12-10_1.__aug,12,betfair exchange,germany,bundesliga,2021/2022,10/12/2021,20:30:00,1._fc_koln,augsburg,0,0,0,2,0,2,"1,43","1,7","0,27","2,4","5,18","2,78","2,24","3,95","1,71",a,h,0
2023-12-10_1.__mai,21,10x10bet,germany,bundesliga,2023/2024,10/12/2023,17:30:00,1._fc_koln,mainz,0,0,0,0,0,0,"2,26","2,67","0,41","3,23","2,73","-0,5","3,68","3,51","-0,17",d,h,0
2023-12-10_1.__mai,18,1xbet,germany,bundesliga,2023/2024,10/12/2023,17:30:00,1._fc_koln,mainz,0,0,0,0,0,0,"2,28","2,53","0,25","3,27","2,82","-0,45","3,68","3,57","-0,11",d,h,0
2023-12-10_1.__mai,16,alphabet,germany,bundesliga,2023/2024,10/12/2023,17:30:00,1._fc_koln,mainz,0,0,0,0,0,0,"2,25","2,66","0,41","3,2","2,72","-0,48","3,66","3,5","-0,16",d,h,0
2023-12-10_1.__mai,5,bet-at-home,germany,bundesliga,2023/2024,10/12/2023,17:30:00,1._fc_koln,mainz,0,0,0,0,0,0,"2,2","2,27","0,07","3,1","3,1",0,"3,5","3,5",0,d,h,0
2023-12-10_1.__mai,8,bet365,germany,bundesliga,2023/2024,10/12/2023,17:30:00,1._fc_koln,mainz,0,0,0,0,0,0,"2,2","2,63","0,43","3,1","2,6","-0,5","3,5","3,5",0,d,d,1
2023-12-10_1.__mai,6,betfair,germany,bundesliga,2023/2024,10/12/2023,17:30:00,1._fc_koln,mainz,0,0,0,0,0,0,"2,2","2,63","0,43","3,1","2,63","-0,47","3,3","3,3",0,d,,0
2023-12-10_1.__mai,2,betsafe,germany,bundesliga,2023/2024,10/12/2023,17:30:00,1._fc_koln,mainz,0,0,0,0,0,0,"2,25","2,65","0,4","3,1","2,65","-0,45","3,75","3,5","-0,25",d,,0
2023-12-10_1.__mai,15,betsson,germany,bundesliga,2023/2024,10/12/2023,17:30:00,1._fc_koln,mainz,0,0,0,0,0,0,"2,25","2,65","0,4","3,1","2,65","-0,45","3,75","3,5","-0,25",d,,0
2023-12-10_1.__mai,19,betvictor,germany,bundesliga,2023/2024,10/12/2023,17:30:00,1._fc_koln,mainz,0,0,0,0,0,0,"2,2","2,7","0,5","3,2","2,6","-0,6","3,2","3,4","0,2",d,d,1
2023-12-10_1.__mai,14,betway,germany,bundesliga,2023/2024,10/12/2023,17:30:00,1._fc_koln,mainz,0,0,0,0,0,0,"2,15","2,63","0,48","3,1","2,6","-0,5","3,4","3,4",0,d,d,1
2023-12-10_1.__mai,1,bwin,germany,bundesliga,2023/2024,10/12/2023,17:30:00,1._fc_koln,mainz,0,0,0,0,0,0,"2,2","2,6","0,4","3,1","2,7","-0,4","3,5","3,3","-0,2",d,h,0
2023-12-10_1.__mai,3,interwetten,germany,bundesliga,2023/2024,10/12/2023,17:30:00,1._fc_koln,mainz,0,0,0,0,0,0,"2,2","2,6","0,4","3,1","2,65","-0,45","3,3","3,45","0,15",d,h,0
2023-12-10_1.__mai,10,pinnacle,germany,bundesliga,2023/2024,10/12/2023,17:30:00,1._fc_koln,mainz,0,0,0,0,0,0,"2,19","2,78","0,59","3,1","2,65","-0,45","3,53","3,45","-0,08",d,d,1
2023-12-10_1.__mai,4,unibet,germany,bundesliga,2023/2024,10/12/2023,17:30:00,1._fc_koln,mainz,0,0,0,0,0,0,"2,23","2,7","0,47","3,2","2,65","-0,55","3,6","3,4","-0,2",d,d,1
2023-12-10_1.__mai,22,william hill,germany,bundesliga,2023/2024,10/12/2023,17:30:00,1._fc_koln,mainz,0,0,0,0,0,0,"2,15","2,6","0,45","3,1","2,5","-0,6","3,5","3,5",0,d,d,1
2023-12-10_1.__mai,12,betfair exchange,germany,bundesliga,2023/2024,10/12/2023,17:30:00,1._fc_koln,mainz,0,0,0,0,0,0,"1,05","2,71","1,66","1,05","2,63","1,58","1,01","3,42","2,41",d,d,1
2023-03-10_1.__boc,7,10bet,germany,bundesliga,2022/2023,10/03/2023,20:30:00,1._fc_koln,bochum,0,1,0,1,0,2,"1,68","1,74","0,06","4,15","5,25","1,1","3,6","3,65","0,05",a,h,0
2023-03-10_1.__boc,21,10x10bet,germany,bundesliga,2022/2023,10/03/2023,20:30:00,1._fc_koln,bochum,0,1,0,1,0,2,"1,75","1,76","0,01","4,8","5,2","0,4","4,1","3,81","-0,29",a,h,0
2023-03-10_1.__boc,9,188bet,germany,bundesliga,2022/2023,10/03/2023,20:30:00,1._fc_koln,bochum,0,1,0,1,0,2,"1,74","1,74",0,"4,4","4,95","0,55","4,05","3,8","-0,25",a,h,0
2023-03-10_1.__boc,18,1xbet,germany,bundesliga,2022/2023,10/03/2023,20:30:00,1._fc_koln,bochum,0,1,0,1,0,2,"1,85","1,74","-0,11","4,48","5,12","0,64",4,"3,84","-0,16",a,h,0
2023-03-10_1.__boc,16,alphabet,germany,bundesliga,2022/2023,10/03/2023,20:30:00,1._fc_koln,bochum,0,1,0,1,0,2,"1,75","1,75",0,"4,75","5,1","0,35",4,"3,79","-0,21",a,h,0
2023-03-10_1.__boc,5,bet-at-home,germany,bundesliga,2022/2023,10/03/2023,20:30:00,1._fc_koln,bochum,0,1,0,1,0,2,"1,74","1,72","-0,02","4,6","4,9","0,3","3,75","3,75",0,a,h,0
2023-03-10_1.__boc,8,bet365,germany,bundesliga,2022/2023,10/03/2023,20:30:00,1._fc_koln,bochum,0,1,0,1,0,2,"1,7","1,7",0,5,5,0,"3,6","3,75","0,15",a,h,0
2023-03-10_1.__boc,6,betfair,germany,bundesliga,2022/2023,10/03/2023,20:30:00,1._fc_koln,bochum,0,1,0,1,0,2,"1,75","1,67","-0,08","4,33",5,"0,67","3,8","3,6","-0,2",a,h,0
2023-03-10_1.__boc,2,betsafe,germany,bundesliga,2022/2023,10/03/2023,20:30:00,1._fc_koln,bochum,0,1,0,1,0,2,"1,75","1,75",0,"4,5",5,"0,5",4,"3,75","-0,25",a,h,0
2023-03-10_1.__boc,15,betsson,germany,bundesliga,2022/2023,10/03/2023,20:30:00,1._fc_koln,bochum,0,1,0,1,0,2,"1,75","1,75",0,"4,5",5,"0,5",4,"3,75","-0,25",a,h,0
2023-03-10_1.__boc,19,betvictor,germany,bundesliga,2022/2023,10/03/2023,20:30:00,1._fc_koln,bochum,0,1,0,1,0,2,"1,65","1,67","0,02","4,5","4,5",0,"3,75","3,7","-0,05",a,h,0
2023-03-10_1.__boc,14,betway,germany,bundesliga,2022/2023,10/03/2023,20:30:00,1._fc_koln,bochum,0,1,0,1,0,2,"1,67","1,75","0,08","4,33",5,"0,67","3,75","3,6","-0,15",a,h,0
2023-03-10_1.__boc,1,bwin,germany,bundesliga,2022/2023,10/03/2023,20:30:00,1._fc_koln,bochum,0,1,0,1,0,2,"1,78","1,7","-0,08","4,1",5,"0,9",4,"3,7","-0,3",a,h,0
2023-03-10_1.__boc,13,comeon,germany,bundesliga,2022/2023,10/03/2023,20:30:00,1._fc_koln,bochum,0,1,0,1,0,2,"1,74","1,74",0,"4,5","5,5",1,"3,85","3,75","-0,1",a,h,0
2023-03-10_1.__boc,3,interwetten,germany,bundesliga,2022/2023,10/03/2023,20:30:00,1._fc_koln,bochum,0,1,0,1,0,2,"1,8","1,77","-0,03","4,3","4,8","0,5","3,75","3,6","-0,15",a,h,0
2023-03-10_1.__boc,10,pinnacle,germany,bundesliga,2022/2023,10/03/2023,20:30:00,1._fc_koln,bochum,0,1,0,1,0,2,"1,74","1,75","0,01","4,8","5,27","0,47","4,16","3,79","-0,37",a,h,0
2023-03-10_1.__boc,4,unibet,germany,bundesliga,2022/2023,10/03/2023,20:30:00,1._fc_koln,bochum,0,1,0,1,0,2,"1,7","1,7",0,"4,6","5,2","0,6",4,"3,75","-0,25",a,h,0
2023-03-10_1.__boc,22,william hill,germany,bundesliga,2022/2023,10/03/2023,20:30:00,1._fc_koln,bochum,0,1,0,1,0,2,"1,75","1,7","-0,05","4,5",5,"0,5","3,7","3,7",0,a,h,0
2023-03-10_1.__boc,12,betfair exchange,germany,bundesliga,2022/2023,10/03/2023,20:30:00,1._fc_koln,bochum,0,1,0,1,0,2,"1,04","1,72","0,68","1,04","5,28","4,24","1,01","3,76","2,75",a,h,0
2021-04-11_1.__mai,7,10bet,germany,bundesliga,2020/2021,11/04/2021,18:00:00,1._fc_koln,mainz,1,1,1,2,2,3,"2,8","2,95","0,15","2,4","2,55","0,15","3,3","3,3",0,a,d,0
2021-04-11_1.__mai,21,10x10bet,germany,bundesliga,2020/2021,11/04/2021,18:00:00,1._fc_koln,mainz,1,1,1,2,2,3,"2,64","2,99","0,35","2,83","2,55","-0,28","3,36","3,29","-0,07",a,d,0
2021-04-11_1.__mai,9,188bet,germany,bundesliga,2020/2021,11/04/2021,18:00:00,1._fc_koln,mainz,1,1,1,2,2,3,3,"2,95","-0,05","2,45","2,53","0,08","3,35","3,25","-0,1",a,d,0
2021-04-11_1.__mai,18,1xbet,germany,bundesliga,2020/2021,11/04/2021,18:00:00,1._fc_koln,mainz,1,1,1,2,2,3,"2,55","2,97","0,42","3,02","2,51","-0,51","3,42","3,38","-0,04",a,d,0
2021-04-11_1.__mai,17,888sport,germany,bundesliga,2020/2021,11/04/2021,18:00:00,1._fc_koln,mainz,1,1,1,2,2,3,3,3,0,"2,4","2,5","0,1","3,3","3,15","-0,15",a,d,0
2021-04-11_1.__mai,5,bet-at-home,germany,bundesliga,2020/2021,11/04/2021,18:00:00,1._fc_koln,mainz,1,1,1,2,2,3,"2,4","2,95","0,55","2,85","2,5","-0,35","3,2","3,2",0,a,d,0
2021-04-11_1.__mai,8,bet365,germany,bundesliga,2020/2021,11/04/2021,18:00:00,1._fc_koln,mainz,1,1,1,2,2,3,"2,8","2,9","0,1","2,5","2,45","-0,05","3,25","3,3","0,05",a,d,0
2021-04-11_1.__mai,6,betfair,germany,bundesliga,2020/2021,11/04/2021,18:00:00,1._fc_koln,mainz,1,1,1,2,2,3,"2,9","2,9",0,"2,4","2,5","0,1","3,1","3,1",0,a,d,0
2021-04-11_1.__mai,2,betsafe,germany,bundesliga,2020/2021,11/04/2021,18:00:00,1._fc_koln,mainz,1,1,1,2,2,3,"2,95","2,9","-0,05","2,45","2,55","0,1","3,4","3,3","-0,1",a,d,0
2021-04-11_1.__mai,15,betsson,germany,bundesliga,2020/2021,11/04/2021,18:00:00,1._fc_koln,mainz,1,1,1,2,2,3,"2,95","2,9","-0,05","2,45","2,55","0,1","3,4","3,3","-0,1",a,d,0
2021-04-11_1.__mai,19,betvictor,germany,bundesliga,2020/2021,11/04/2021,18:00:00,1._fc_koln,mainz,1,1,1,2,2,3,"2,9","2,9",0,"2,45","2,5","0,05","3,3","3,3",0,a,d,0
2021-04-11_1.__mai,14,betway,germany,bundesliga,2020/2021,11/04/2021,18:00:00,1._fc_koln,mainz,1,1,1,2,2,3,3,3,0,"2,4","2,5","0,1","3,3","3,2","-0,1",a,d,0
2021-04-11_1.__mai,1,bwin,germany,bundesliga,2020/2021,11/04/2021,18:00:00,1._fc_koln,mainz,1,1,1,2,2,3,"2,55","2,95","0,4","2,65","2,5","-0,15","3,3","3,2","-0,1",a,d,0
2021-04-11_1.__mai,13,comeon,germany,bundesliga,2020/2021,11/04/2021,18:00:00,1._fc_koln,mainz,1,1,1,2,2,3,"2,45","2,95","0,5","2,75","2,5","-0,25","3,15","3,25","0,1",a,d,0
2021-04-11_1.__mai,3,interwetten,germany,bundesliga,2020/2021,11/04/2021,18:00:00,1._fc_koln,mainz,1,1,1,2,2,3,"2,9","2,95","0,05","2,5","2,5",0,"3,3","3,2","-0,1",a,d,0
2021-04-11_1.__mai,10,pinnacle,germany,bundesliga,2020/2021,11/04/2021,18:00:00,1._fc_koln,mainz,1,1,1,2,2,3,"2,51","2,99","0,48","2,98","2,59","-0,39","3,18","3,32","0,14",a,d,0
2021-04-11_1.__mai,20,sbobet,germany,bundesliga,2020/2021,11/04/2021,18:00:00,1._fc_koln,mainz,1,1,1,2,2,3,"2,97","3,02","0,05","2,16","2,45","0,29","3,06","2,97","-0,09",a,d,0
2021-04-11_1.__mai,4,unibet,germany,bundesliga,2020/2021,11/04/2021,18:00:00,1._fc_koln,mainz,1,1,1,2,2,3,3,3,0,"2,4","2,5","0,1","3,3","3,15","-0,15",a,d,0
2021-04-11_1.__mai,22,william hill,germany,bundesliga,2020/2021,11/04/2021,18:00:00,1._fc_koln,mainz,1,1,1,2,2,3,3,"2,9","-0,1","2,4","2,45","0,05","3,2","3,25","0,05",a,d,0
2021-04-11_1.__mai,12,betfair exchange,germany,bundesliga,2020/2021,11/04/2021,18:00:00,1._fc_koln,mainz,1,1,1,2,2,3,"2,24",3,"0,76","1,98","2,52","0,54","2,72","3,23","0,51",a,d,0
2024-05-11_1.__uni,21,10x10bet,germany,bundesliga,2023/2024,11/05/2024,15:30:00,1._fc_koln,union_berlin,1,2,2,0,3,2,"2,59","2,66","0,07","2,94","2,77","-0,17","3,35","3,45","0,1",h,h,1
2024-05-11_1.__uni,18,1xbet,germany,bundesliga,2023/2024,11/05/2024,15:30:00,1._fc_koln,union_berlin,1,2,2,0,3,2,"2,58","2,7","0,12","2,92","2,74","-0,18","3,51","3,39","-0,12",h,h,1
2024-05-11_1.__uni,16,alphabet,germany,bundesliga,2023/2024,11/05/2024,15:30:00,1._fc_koln,union_berlin,1,2,2,0,3,2,"2,57","2,64","0,07","2,91","2,75","-0,16","3,31","3,41","0,1",h,h,1
2024-05-11_1.__uni,5,bet-at-home,germany,bundesliga,2023/2024,11/05/2024,15:30:00,1._fc_koln,union_berlin,1,2,2,0,3,2,"2,45","2,63","0,18","2,8","2,6","-0,2","3,2","3,4","0,2",h,d,0
2024-05-11_1.__uni,8,bet365,germany,bundesliga,2023/2024,11/05/2024,15:30:00,1._fc_koln,union_berlin,1,2,2,0,3,2,"2,5","2,55","0,05","2,8","2,75","-0,05","3,25","3,3","0,05",h,h,1
2024-05-11_1.__uni,6,betfair,germany,bundesliga,2023/2024,11/05/2024,15:30:00,1._fc_koln,union_berlin,1,2,2,0,3,2,"2,4","2,45","0,05","2,8","2,63","-0,17","3,25","3,1","-0,15",h,h,1
2024-05-11_1.__uni,2,betsafe,germany,bundesliga,2023/2024,11/05/2024,15:30:00,1._fc_koln,union_berlin,1,2,2,0,3,2,"2,55","2,55",0,"2,9","2,85","-0,05","3,3","3,4","0,1",h,h,1
2024-05-11_1.__uni,15,betsson,germany,bundesliga,2023/2024,11/05/2024,15:30:00,1._fc_koln,union_berlin,1,2,2,0,3,2,"2,55","2,55",0,"2,9","2,85","-0,05","3,3","3,4","0,1",h,h,1
2024-05-11_1.__uni,19,betvictor,germany,bundesliga,2023/2024,11/05/2024,15:30:00,1._fc_koln,union_berlin,1,2,2,0,3,2,"2,45","2,55","0,1","2,88","2,75","-0,13","3,1","3,4","0,3",h,h,1
2024-05-11_1.__uni,14,betway,germany,bundesliga,2023/2024,11/05/2024,15:30:00,1._fc_koln,union_berlin,1,2,2,0,3,2,"2,5","2,5",0,"2,8","2,7","-0,1","3,1","3,4","0,3",h,h,1
2024-05-11_1.__uni,1,bwin,germany,bundesliga,2023/2024,11/05/2024,15:30:00,1._fc_koln,union_berlin,1,2,2,0,3,2,"2,6","2,55","-0,05","2,65","2,7","0,05","3,3","3,3",0,h,h,1
2024-05-11_1.__uni,11,coins.game,germany,bundesliga,2023/2024,11/05/2024,15:30:00,1._fc_koln,union_berlin,1,2,2,0,3,2,"2,7","2,63","-0,07","2,69","2,75","0,06","3,45","3,45",0,h,h,1
2024-05-11_1.__uni,3,interwetten,germany,bundesliga,2023/2024,11/05/2024,15:30:00,1._fc_koln,union_berlin,1,2,2,0,3,2,"2,65","2,65",0,"2,75","2,7","-0,05","3,3","3,35","0,05",h,h,1
2024-05-11_1.__uni,10,pinnacle,germany,bundesliga,2023/2024,11/05/2024,15:30:00,1._fc_koln,union_berlin,1,2,2,0,3,2,"2,51","2,59","0,08","2,84","2,85","0,01","3,23","3,45","0,22",h,h,1
2024-05-11_1.__uni,4,unibet,germany,bundesliga,2023/2024,11/05/2024,15:30:00,1._fc_koln,union_berlin,1,2,2,0,3,2,"2,48","2,6","0,12","2,85","2,7","-0,15","3,35","3,35",0,h,h,1
2024-05-11_1.__uni,22,william hill,germany,bundesliga,2023/2024,11/05/2024,15:30:00,1._fc_koln,union_berlin,1,2,2,0,3,2,"2,45","2,6","0,15","2,8","2,6","-0,2","3,4","3,4",0,h,,0
2024-05-11_1.__uni,12,betfair exchange,germany,bundesliga,2023/2024,11/05/2024,15:30:00,1._fc_koln,union_berlin,1,2,2,0,3,2,"1,05","2,58","1,53","1,05","2,84","1,79","1,01","3,33","2,32",h,h,1
2022-09-11_1.__uni,7,10bet,germany,bundesliga,2022/2023,11/09/2022,15:30:00,1._fc_koln,union_berlin,0,1,0,0,0,1,"2,4","2,5","0,1","2,6","2,95","0,35","3,2","3,3","0,1",a,h,0
2022-09-11_1.__uni,21,10x10bet,germany,bundesliga,2022/2023,11/09/2022,15:30:00,1._fc_koln,union_berlin,0,1,0,0,0,1,"2,23","2,51","0,28","3,27","2,95","-0,32","3,61","3,41","-0,2",a,h,0
2022-09-11_1.__uni,9,188bet,germany,bundesliga,2022/2023,11/09/2022,15:30:00,1._fc_koln,union_berlin,0,1,0,0,0,1,"2,49","2,47","-0,02","2,68","2,95","0,27","3,75","3,35","-0,4",a,h,0
2022-09-11_1.__uni,18,1xbet,germany,bundesliga,2022/2023,11/09/2022,15:30:00,1._fc_koln,union_berlin,0,1,0,0,0,1,"2,18","2,59","0,41","3,36","2,79","-0,57","3,84","3,46","-0,38",a,h,0
2022-09-11_1.__uni,17,888sport,germany,bundesliga,2022/2023,11/09/2022,15:30:00,1._fc_koln,union_berlin,0,1,0,0,0,1,"2,3","2,45","0,15",3,"2,88","-0,12","3,5","3,35","-0,15",a,h,0
2022-09-11_1.__uni,5,bet-at-home,germany,bundesliga,2022/2023,11/09/2022,15:30:00,1._fc_koln,union_berlin,0,1,0,0,0,1,"2,04","2,48","0,44","3,15","2,85","-0,3","3,65","3,35","-0,3",a,h,0
2022-09-11_1.__uni,8,bet365,germany,bundesliga,2022/2023,11/09/2022,15:30:00,1._fc_koln,union_berlin,0,1,0,0,0,1,"2,4","2,37","-0,03","2,8","2,9","0,1","3,5","3,4","-0,1",a,h,0
2022-09-11_1.__uni,6,betfair,germany,bundesliga,2022/2023,11/09/2022,15:30:00,1._fc_koln,union_berlin,0,1,0,0,0,1,"2,05","2,45","0,4","3,1","2,88","-0,22","3,7","3,3","-0,4",a,h,0
2022-09-11_1.__uni,2,betsafe,germany,bundesliga,2022/2023,11/09/2022,15:30:00,1._fc_koln,union_berlin,0,1,0,0,0,1,"2,4","2,4",0,"2,95","2,95",0,"3,5","3,5",0,a,h,0
2022-09-11_1.__uni,15,betsson,germany,bundesliga,2022/2023,11/09/2022,15:30:00,1._fc_koln,union_berlin,0,1,0,0,0,1,"2,4","2,4",0,"2,95","2,95",0,"3,5","3,5",0,a,h,0
2022-09-11_1.__uni,19,betvictor,germany,bundesliga,2022/2023,11/09/2022,15:30:00,1._fc_koln,union_berlin,0,1,0,0,0,1,"2,05","2,4","0,35","3,25","2,88","-0,37","3,8","3,4","-0,4",a,h,0
2022-09-11_1.__uni,14,betway,germany,bundesliga,2022/2023,11/09/2022,15:30:00,1._fc_koln,union_berlin,0,1,0,0,0,1,"2,2","2,4","0,2",3,3,0,"3,75","3,3","-0,45",a,h,0
2022-09-11_1.__uni,1,bwin,germany,bundesliga,2022/2023,11/09/2022,15:30:00,1._fc_koln,union_berlin,0,1,0,0,0,1,"2,1","2,4","0,3","3,1","2,95","-0,15","3,9","3,3","-0,6",a,h,0
2022-09-11_1.__uni,13,comeon,germany,bundesliga,2022/2023,11/09/2022,15:30:00,1._fc_koln,union_berlin,0,1,0,0,0,1,"2,45","2,5","0,05","2,7",3,"0,3","3,4","3,3","-0,1",a,h,0
2022-09-11_1.__uni,3,interwetten,germany,bundesliga,2022/2023,11/09/2022,15:30:00,1._fc_koln,union_berlin,0,1,0,0,0,1,"2,15","2,5","0,35","3,2","2,85","-0,35","3,65","3,35","-0,3",a,h,0
2022-09-11_1.__uni,10,pinnacle,germany,bundesliga,2022/2023,11/09/2022,15:30:00,1._fc_koln,union_berlin,0,1,0,0,0,1,"2,22","2,51","0,29","3,28","3,03","-0,25","3,74","3,4","-0,34",a,h,0
2022-09-11_1.__uni,4,unibet,germany,bundesliga,2022/2023,11/09/2022,15:30:00,1._fc_koln,union_berlin,0,1,0,0,0,1,"2,45","2,43","-0,02","2,75","2,88","0,13","3,6","3,4","-0,2",a,h,0
2022-09-11_1.__uni,22,william hill,germany,bundesliga,2022/2023,11/09/2022,15:30:00,1._fc_koln,union_berlin,0,1,0,0,0,1,"2,05","2,45","0,4","3,3","2,88","-0,42","3,7","3,25","-0,45",a,h,0
2022-09-11_1.__uni,12,betfair exchange,germany,bundesliga,2022/2023,11/09/2022,15:30:00,1._fc_koln,union_berlin,0,1,0,0,0,1,"1,6","2,48","0,88","2,04",3,"0,96","2,24","3,33","1,09",a,h,0
2023-02-12_1.__ein,7,10bet,germany,bundesliga,2022/2023,12/02/2023,17:30:00,1._fc_koln,eintracht_frankfurt,0,0,3,0,3,0,"2,5","2,8","0,3","2,4","2,55","0,15","3,4","3,4",0,h,d,0
2023-02-12_1.__ein,21,10x10bet,germany,bundesliga,2022/2023,12/02/2023,17:30:00,1._fc_koln,eintracht_frankfurt,0,0,3,0,3,0,"2,91","2,86","-0,05","2,39","2,57","0,18","3,79","3,5","-0,29",h,d,0
2023-02-12_1.__ein,9,188bet,germany,bundesliga,2022/2023,12/02/2023,17:30:00,1._fc_koln,eintracht_frankfurt,0,0,3,0,3,0,"2,61","2,77","0,16","2,44","2,56","0,12","3,9","3,45","-0,45",h,d,0
2023-02-12_1.__ein,18,1xbet,germany,bundesliga,2022/2023,12/02/2023,17:30:00,1._fc_koln,eintracht_frankfurt,0,0,3,0,3,0,"2,96","3,1","0,14","2,42","2,38","-0,04","3,76","3,5","-0,26",h,d,0
2023-02-12_1.__ein,16,alphabet,germany,bundesliga,2022/2023,12/02/2023,17:30:00,1._fc_koln,eintracht_frankfurt,0,0,3,0,3,0,"2,9","2,85","-0,05","2,38","2,56","0,18","3,77","3,47","-0,3",h,d,0
2023-02-12_1.__ein,5,bet-at-home,germany,bundesliga,2022/2023,12/02/2023,17:30:00,1._fc_koln,eintracht_frankfurt,0,0,3,0,3,0,"2,55","2,7","0,15","2,35","2,46","0,11","3,8","3,3","-0,5",h,d,0
2023-02-12_1.__ein,8,bet365,germany,bundesliga,2022/2023,12/02/2023,17:30:00,1._fc_koln,eintracht_frankfurt,0,0,3,0,3,0,"2,7","2,7",0,"2,5","2,55","0,05","3,5","3,4","-0,1",h,d,0
2023-02-12_1.__ein,6,betfair,germany,bundesliga,2022/2023,12/02/2023,17:30:00,1._fc_koln,eintracht_frankfurt,0,0,3,0,3,0,"2,7","2,75","0,05","2,3","2,45","0,15","3,8","3,3","-0,5",h,d,0
2023-02-12_1.__ein,2,betsafe,germany,bundesliga,2022/2023,12/02/2023,17:30:00,1._fc_koln,eintracht_frankfurt,0,0,3,0,3,0,"2,75","2,8","0,05","2,5","2,6","0,1","3,6","3,4","-0,2",h,d,0
2023-02-12_1.__ein,15,betsson,germany,bundesliga,2022/2023,12/02/2023,17:30:00,1._fc_koln,eintracht_frankfurt,0,0,3,0,3,0,"2,75","2,8","0,05","2,5","2,5",0,"3,6","3,5","-0,1",h,d,0
2023-02-12_1.__ein,19,betvictor,germany,bundesliga,2022/2023,12/02/2023,17:30:00,1._fc_koln,eintracht_frankfurt,0,0,3,0,3,0,"2,55","2,6","0,05","2,3","2,4","0,1","3,6","3,4","-0,2",h,d,0
2023-02-12_1.__ein,14,betway,germany,bundesliga,2022/2023,12/02/2023,17:30:00,1._fc_koln,eintracht_frankfurt,0,0,3,0,3,0,"2,75","2,8","0,05","2,3","2,5","0,2","3,3","3,4","0,1",h,d,0
2023-02-12_1.__ein,1,bwin,germany,bundesliga,2022/2023,12/02/2023,17:30:00,1._fc_koln,eintracht_frankfurt,0,0,3,0,3,0,"2,6","2,75","0,15","2,4","2,5","0,1","3,9","3,3","-0,6",h,d,0
2023-02-12_1.__ein,13,comeon,germany,bundesliga,2022/2023,12/02/2023,17:30:00,1._fc_koln,eintracht_frankfurt,0,0,3,0,3,0,"2,6","2,8","0,2","2,4","2,5","0,1","3,5","3,4","-0,1",h,d,0
2023-02-12_1.__ein,3,interwetten,germany,bundesliga,2022/2023,12/02/2023,17:30:00,1._fc_koln,eintracht_frankfurt,0,0,3,0,3,0,"2,6","2,8","0,2","2,4","2,5","0,1","3,85","3,4","-0,45",h,d,0
2023-02-12_1.__ein,10,pinnacle,germany,bundesliga,2022/2023,12/02/2023,17:30:00,1._fc_koln,eintracht_frankfurt,0,0,3,0,3,0,"2,83","2,8","-0,03","2,33","2,64","0,31","3,67","3,5","-0,17",h,d,0
2023-02-12_1.__ein,4,unibet,germany,bundesliga,2022/2023,12/02/2023,17:30:00,1._fc_koln,eintracht_frankfurt,0,0,3,0,3,0,"2,55","2,75","0,2","2,48","2,5","0,02","3,85","3,45","-0,4",h,d,0
2023-02-12_1.__ein,22,william hill,germany,bundesliga,2022/2023,12/02/2023,17:30:00,1._fc_koln,eintracht_frankfurt,0,0,3,0,3,0,"2,88","2,8","-0,08","2,35","2,45","0,1","3,5","3,4","-0,1",h,d,0
2023-02-12_1.__ein,12,betfair exchange,germany,bundesliga,2022/2023,12/02/2023,17:30:00,1._fc_koln,eintracht_frankfurt,0,0,3,0,3,0,"2,88","2,84","-0,04","2,3","2,52","0,22","3,3","3,42","0,12",h,d,0
2019-05-12_1.__reg,7,10bet,germany,2-bundesliga,2018/2019,12/05/2019,15:30:00,1._fc_koln,regensburg,0,3,3,2,3,5,"1,32","1,36","0,04","6,55","6,3","-0,25","4,8",5,"0,2",a,h,0
2019-05-12_1.__reg,9,188bet,germany,2-bundesliga,2018/2019,12/05/2019,15:30:00,1._fc_koln,regensburg,0,3,3,2,3,5,"1,42","1,39","-0,03","6,2","6,7","0,5","5,3","5,4","0,1",a,h,0
2019-05-12_1.__reg,18,1xbet,germany,2-bundesliga,2018/2019,12/05/2019,15:30:00,1._fc_koln,regensburg,0,3,3,2,3,5,"1,37","1,4","0,03","5,9","6,7","0,8","4,5","5,3","0,8",a,h,0
2019-05-12_1.__reg,17,888sport,germany,2-bundesliga,2018/2019,12/05/2019,15:30:00,1._fc_koln,regensburg,0,3,3,2,3,5,"1,42","1,38","-0,04","6,4","6,5","0,1","4,6","5,1","0,5",a,h,0
2019-05-12_1.__reg,5,bet-at-home,germany,2-bundesliga,2018/2019,12/05/2019,15:30:00,1._fc_koln,regensburg,0,3,3,2,3,5,"1,41","1,38","-0,03","6,22","5,99","-0,23","4,72","5,24","0,52",a,h,0
2019-05-12_1.__reg,8,bet365,germany,2-bundesliga,2018/2019,12/05/2019,15:30:00,1._fc_koln,regensburg,0,3,3,2,3,5,"1,4","1,36","-0,04",7,8,1,"4,75","4,75",0,a,h,0
2019-05-12_1.__reg,6,betfair,germany,2-bundesliga,2018/2019,12/05/2019,15:30:00,1._fc_koln,regensburg,0,3,3,2,3,5,"1,36","1,33","-0,03",6,7,1,"4,6","5,5","0,9",a,h,0
2019-05-12_1.__reg,2,betsafe,germany,2-bundesliga,2018/2019,12/05/2019,15:30:00,1._fc_koln,regensburg,0,3,3,2,3,5,"1,34","1,36","0,02","6,75",6,"-0,75","4,85","5,05","0,2",a,h,0
2019-05-12_1.__reg,15,betsson,germany,2-bundesliga,2018/2019,12/05/2019,15:30:00,1._fc_koln,regensburg,0,3,3,2,3,5,"1,36","1,38","0,02","6,9","6,1","-0,8","4,9","5,1","0,2",a,h,0
2019-05-12_1.__reg,19,betvictor,germany,2-bundesliga,2018/2019,12/05/2019,15:30:00,1._fc_koln,regensburg,0,3,3,2,3,5,"1,4","1,4",0,7,"6,5","-0,5",5,"5,5","0,5",a,h,0
2019-05-12_1.__reg,14,betway,germany,2-bundesliga,2018/2019,12/05/2019,15:30:00,1._fc_koln,regensburg,0,3,3,2,3,5,"1,38","1,4","0,02",7,6,-1,5,"5,25","0,25",a,h,0
2019-05-12_1.__reg,1,bwin,germany,2-bundesliga,2018/2019,12/05/2019,15:30:00,1._fc_koln,regensburg,0,3,3,2,3,5,"1,5","1,36","-0,14",5,7,2,5,"5,5","0,5",a,h,0
2019-05-12_1.__reg,13,comeon,germany,2-bundesliga,2018/2019,12/05/2019,15:30:00,1._fc_koln,regensburg,0,3,3,2,3,5,"1,34","1,38","0,04","6,85","6,6","-0,25","4,95","5,15","0,2",a,h,0
2019-05-12_1.__reg,3,interwetten,germany,2-bundesliga,2018/2019,12/05/2019,15:30:00,1._fc_koln,regensburg,0,3,3,2,3,5,"1,42","1,53","0,11","6,2","5,4","-0,8","5,1","4,45","-0,65",a,h,0
2019-05-12_1.__reg,10,pinnacle,germany,2-bundesliga,2018/2019,12/05/2019,15:30:00,1._fc_koln,regensburg,0,3,3,2,3,5,"1,42","1,41","-0,01","7,43","6,88","-0,55","4,78","5,41","0,63",a,h,0
2019-05-12_1.__reg,20,sbobet,germany,2-bundesliga,2018/2019,12/05/2019,15:30:00,1._fc_koln,regensburg,0,3,3,2,3,5,"1,38","1,4","0,02",7,"6,2","-0,8","4,7",5,"0,3",a,h,0
2019-05-12_1.__reg,4,unibet,germany,2-bundesliga,2018/2019,12/05/2019,15:30:00,1._fc_koln,regensburg,0,3,3,2,3,5,"1,42","1,38","-0,04","6,75","6,75",0,"4,75","5,1","0,35",a,h,0
2019-05-12_1.__reg,22,william hill,germany,2-bundesliga,2018/2019,12/05/2019,15:30:00,1._fc_koln,regensburg,0,3,3,2,3,5,"1,4","1,36","-0,04",7,7,0,"4,75","5,25","0,5",a,h,0
2019-05-12_1.__reg,12,betfair exchange,germany,2-bundesliga,2018/2019,12/05/2019,15:30:00,1._fc_koln,regensburg,0,3,3,2,3,5,"1,01","1,38","0,37","1,01","7,27","6,26","1,02","5,75","4,73",a,h,0
2023-05-12_1.__her,7,10bet,germany,bundesliga,2022/2023,12/05/2023,20:30:00,1._fc_koln,hertha_berlin,3,2,2,0,5,2,"1,8","1,95","0,15","3,75","3,9","0,15","3,5","3,8","0,3",h,h,1
2023-05-12_1.__her,21,10x10bet,germany,bundesliga,2022/2023,12/05/2023,20:30:00,1._fc_koln,hertha_berlin,3,2,2,0,5,2,"1,86","1,93","0,07","4,7","3,99","-0,71","3,67","3,9","0,23",h,h,1
2023-05-12_1.__her,18,1xbet,germany,bundesliga,2022/2023,12/05/2023,20:30:00,1._fc_koln,hertha_berlin,3,2,2,0,5,2,"1,86","1,98","0,12","4,76","3,92","-0,84","3,72","3,92","0,2",h,h,1
2023-05-12_1.__her,16,alphabet,germany,bundesliga,2022/2023,12/05/2023,20:30:00,1._fc_koln,hertha_berlin,3,2,2,0,5,2,"1,85","1,92","0,07","4,6","3,97","-0,63","3,64","3,87","0,23",h,h,1
2023-05-12_1.__her,5,bet-at-home,germany,bundesliga,2022/2023,12/05/2023,20:30:00,1._fc_koln,hertha_berlin,3,2,2,0,5,2,"1,82","1,93","0,11","4,5","3,8","-0,7","3,6","3,7","0,1",h,h,1
2023-05-12_1.__her,8,bet365,germany,bundesliga,2022/2023,12/05/2023,20:30:00,1._fc_koln,hertha_berlin,3,2,2,0,5,2,"1,8","1,85","0,05","4,2","3,8","-0,4","3,6","3,8","0,2",h,h,1
2023-05-12_1.__her,6,betfair,germany,bundesliga,2022/2023,12/05/2023,20:30:00,1._fc_koln,hertha_berlin,3,2,2,0,5,2,"1,7","1,85","0,15","4,6","3,9","-0,7","3,8","3,7","-0,1",h,h,1
2023-05-12_1.__her,2,betsafe,germany,bundesliga,2022/2023,12/05/2023,20:30:00,1._fc_koln,hertha_berlin,3,2,2,0,5,2,"1,8","1,92","0,12","4,75",4,"-0,75","3,6","3,75","0,15",h,h,1
2023-05-12_1.__her,15,betsson,germany,bundesliga,2022/2023,12/05/2023,20:30:00,1._fc_koln,hertha_berlin,3,2,2,0,5,2,"1,8","1,92","0,12","4,75",4,"-0,75","3,6","3,75","0,15",h,h,1
2023-05-12_1.__her,19,betvictor,germany,bundesliga,2022/2023,12/05/2023,20:30:00,1._fc_koln,hertha_berlin,3,2,2,0,5,2,"1,67","1,85","0,18","4,33","4,1","-0,23",4,"3,8","-0,2",h,h,1
2023-05-12_1.__her,14,betway,germany,bundesliga,2022/2023,12/05/2023,20:30:00,1._fc_koln,hertha_berlin,3,2,2,0,5,2,"1,75","1,91","0,16",4,"3,8","-0,2","3,6","3,8","0,2",h,h,1
2023-05-12_1.__her,1,bwin,germany,bundesliga,2022/2023,12/05/2023,20:30:00,1._fc_koln,hertha_berlin,3,2,2,0,5,2,"1,8","1,87","0,07","4,4",4,"-0,4","3,6","3,7","0,1",h,h,1
2023-05-12_1.__her,13,comeon,germany,bundesliga,2022/2023,12/05/2023,20:30:00,1._fc_koln,hertha_berlin,3,2,2,0,5,2,"1,83",2,"0,17","4,05","3,8","-0,25","3,8","3,9","0,1",h,h,1
2023-05-12_1.__her,3,interwetten,germany,bundesliga,2022/2023,12/05/2023,20:30:00,1._fc_koln,hertha_berlin,3,2,2,0,5,2,"1,77","1,97","0,2","4,4","3,65","-0,75","3,9","3,7","-0,2",h,h,1
2023-05-12_1.__her,10,pinnacle,germany,bundesliga,2022/2023,12/05/2023,20:30:00,1._fc_koln,hertha_berlin,3,2,2,0,5,2,"1,82","1,93","0,11","4,67","3,97","-0,7","3,67","3,91","0,24",h,h,1
2023-05-12_1.__her,4,unibet,germany,bundesliga,2022/2023,12/05/2023,20:30:00,1._fc_koln,hertha_berlin,3,2,2,0,5,2,"1,8","1,91","0,11","4,2","3,8","-0,4","3,85","3,75","-0,1",h,h,1
2023-05-12_1.__her,22,william hill,germany,bundesliga,2022/2023,12/05/2023,20:30:00,1._fc_koln,hertha_berlin,3,2,2,0,5,2,"1,78","1,88","0,1","4,33",4,"-0,33","3,75","3,6","-0,15",h,h,1
2023-05-12_1.__her,12,betfair exchange,germany,bundesliga,2022/2023,12/05/2023,20:30:00,1._fc_koln,hertha_berlin,3,2,2,0,5,2,"1,04","1,89","0,85","1,04","4,04",3,"1,01","3,85","2,84",h,h,1
2024-01-13_1.__hei,21,10x10bet,germany,bundesliga,2023/2024,13/01/2024,15:30:00,1._fc_koln,heidenheim,1,0,0,1,1,1,"1,78","2,02","0,24","4,5","3,76","-0,74","4,2","3,79","-0,41",d,h,0
2024-01-13_1.__hei,18,1xbet,germany,bundesliga,2023/2024,13/01/2024,15:30:00,1._fc_koln,heidenheim,1,0,0,1,1,1,"1,96","2,03","0,07","3,95","3,8","-0,15","3,99","3,65","-0,34",d,h,0
2024-01-13_1.__hei,16,alphabet,germany,bundesliga,2023/2024,13/01/2024,15:30:00,1._fc_koln,heidenheim,1,0,0,1,1,1,"1,77","2,01","0,24","4,4","3,74","-0,66","4,1","3,77","-0,33",d,h,0
2024-01-13_1.__hei,5,bet-at-home,germany,bundesliga,2023/2024,13/01/2024,15:30:00,1._fc_koln,heidenheim,1,0,0,1,1,1,"1,73","1,99","0,26","4,25","3,7","-0,55","3,8","3,6","-0,2",d,h,0
2024-01-13_1.__hei,8,bet365,germany,bundesliga,2023/2024,13/01/2024,15:30:00,1._fc_koln,heidenheim,1,0,0,1,1,1,"1,83",2,"0,17",4,"3,75","-0,25","3,75","3,6","-0,15",d,h,0
2024-01-13_1.__hei,6,betfair,germany,bundesliga,2023/2024,13/01/2024,15:30:00,1._fc_koln,heidenheim,1,0,0,1,1,1,"1,8","1,95","0,15",4,"3,7","-0,3","3,8","3,5","-0,3",d,h,0
2024-01-13_1.__hei,2,betsafe,germany,bundesliga,2023/2024,13/01/2024,15:30:00,1._fc_koln,heidenheim,1,0,0,1,1,1,"1,9",2,"0,1",4,"3,6","-0,4","3,75","3,75",0,d,h,0
2024-01-13_1.__hei,15,betsson,germany,bundesliga,2023/2024,13/01/2024,15:30:00,1._fc_koln,heidenheim,1,0,0,1,1,1,"1,9",2,"0,1",4,"3,6","-0,4","3,75","3,75",0,d,h,0
2024-01-13_1.__hei,19,betvictor,germany,bundesliga,2023/2024,13/01/2024,15:30:00,1._fc_koln,heidenheim,1,0,0,1,1,1,"1,83","1,95","0,12","3,8","3,6","-0,2","3,7","3,8","0,1",d,h,0
2024-01-13_1.__hei,14,betway,germany,bundesliga,2023/2024,13/01/2024,15:30:00,1._fc_koln,heidenheim,1,0,0,1,1,1,"1,7",2,"0,3","4,33","3,6","-0,73","3,8","3,5","-0,3",d,h,0
2024-01-13_1.__hei,1,bwin,germany,bundesliga,2023/2024,13/01/2024,15:30:00,1._fc_koln,heidenheim,1,0,0,1,1,1,"1,82","1,98","0,16",4,"3,6","-0,4","3,9","3,6","-0,3",d,h,0
2024-01-13_1.__hei,3,interwetten,germany,bundesliga,2023/2024,13/01/2024,15:30:00,1._fc_koln,heidenheim,1,0,0,1,1,1,"1,9","2,05","0,15","3,75","3,5","-0,25","3,85","3,55","-0,3",d,h,0
2024-01-13_1.__hei,10,pinnacle,germany,bundesliga,2023/2024,13/01/2024,15:30:00,1._fc_koln,heidenheim,1,0,0,1,1,1,"1,68","2,02","0,34","4,51","3,7","-0,81","3,98","3,8","-0,18",d,h,0
2024-01-13_1.__hei,4,unibet,germany,bundesliga,2023/2024,13/01/2024,15:30:00,1._fc_koln,heidenheim,1,0,0,1,1,1,2,"1,98","-0,02","3,6","3,7","0,1","3,8","3,75","-0,05",d,h,0
2024-01-13_1.__hei,22,william hill,germany,bundesliga,2023/2024,13/01/2024,15:30:00,1._fc_koln,heidenheim,1,0,0,1,1,1,"1,83","1,95","0,12","3,7","3,4","-0,3","3,8","3,7","-0,1",d,h,0
2024-01-13_1.__hei,12,betfair exchange,germany,bundesliga,2023/2024,13/01/2024,15:30:00,1._fc_koln,heidenheim,1,0,0,1,1,1,"1,79","1,99","0,2","3,7","3,76","0,06","3,2","3,71","0,51",d,h,0
2020-06-13_1.__uni,7,10bet,germany,bundesliga,2019/2020,13/06/2020,15:30:00,1._fc_koln,union_berlin,0,1,1,1,1,2,"1,95",2,"0,05","3,6","3,85","0,25","3,65","3,5","-0,15",a,h,0
2020-06-13_1.__uni,9,188bet,germany,bundesliga,2019/2020,13/06/2020,15:30:00,1._fc_koln,union_berlin,0,1,1,1,1,2,"1,99","2,06","0,07","3,65","3,7","0,05","3,65","3,5","-0,15",a,h,0
2020-06-13_1.__uni,18,1xbet,germany,bundesliga,2019/2020,13/06/2020,15:30:00,1._fc_koln,union_berlin,0,1,1,1,1,2,"1,99","2,11","0,12","3,86","3,6","-0,26","3,9","3,6","-0,3",a,h,0
2020-06-13_1.__uni,17,888sport,germany,bundesliga,2019/2020,13/06/2020,15:30:00,1._fc_koln,union_berlin,0,1,1,1,1,2,"1,92","1,98","0,06","3,8","3,75","-0,05","3,6","3,4","-0,2",a,h,0
2020-06-13_1.__uni,5,bet-at-home,germany,bundesliga,2019/2020,13/06/2020,15:30:00,1._fc_koln,union_berlin,0,1,1,1,1,2,"1,95","2,03","0,08","3,55","3,6","0,05","3,6","3,45","-0,15",a,h,0
2020-06-13_1.__uni,8,bet365,germany,bundesliga,2019/2020,13/06/2020,15:30:00,1._fc_koln,union_berlin,0,1,1,1,1,2,2,"2,05","0,05","3,75","3,5","-0,25","3,4","3,5","0,1",a,h,0
2020-06-13_1.__uni,6,betfair,germany,bundesliga,2019/2020,13/06/2020,15:30:00,1._fc_koln,union_berlin,0,1,1,1,1,2,"1,91",2,"0,09","3,7","3,6","-0,1","3,6","3,4","-0,2",a,h,0
2020-06-13_1.__uni,2,betsafe,germany,bundesliga,2019/2020,13/06/2020,15:30:00,1._fc_koln,union_berlin,0,1,1,1,1,2,"1,98","2,09","0,11","3,7","3,6","-0,1","3,7","3,45","-0,25",a,h,0
2020-06-13_1.__uni,15,betsson,germany,bundesliga,2019/2020,13/06/2020,15:30:00,1._fc_koln,union_berlin,0,1,1,1,1,2,"1,98","2,09","0,11","3,7","3,6","-0,1","3,7","3,45","-0,25",a,h,0
2020-06-13_1.__uni,19,betvictor,germany,bundesliga,2019/2020,13/06/2020,15:30:00,1._fc_koln,union_berlin,0,1,1,1,1,2,"1,9","2,1","0,2","3,6","3,6",0,"3,75","3,5","-0,25",a,h,0
2020-06-13_1.__uni,14,betway,germany,bundesliga,2019/2020,13/06/2020,15:30:00,1._fc_koln,union_berlin,0,1,1,1,1,2,"1,91","2,05","0,14",4,"3,6","-0,4","3,6","3,5","-0,1",a,h,0
2020-06-13_1.__uni,1,bwin,germany,bundesliga,2019/2020,13/06/2020,15:30:00,1._fc_koln,union_berlin,0,1,1,1,1,2,"1,85","2,1","0,25",4,"3,6","-0,4","3,6","3,4","-0,2",a,h,0
2020-06-13_1.__uni,13,comeon,germany,bundesliga,2019/2020,13/06/2020,15:30:00,1._fc_koln,union_berlin,0,1,1,1,1,2,"1,91",2,"0,09","3,45","3,8","0,35","3,5","3,45","-0,05",a,h,0
2020-06-13_1.__uni,3,interwetten,germany,bundesliga,2019/2020,13/06/2020,15:30:00,1._fc_koln,union_berlin,0,1,1,1,1,2,"1,9","2,05","0,15","3,6","3,7","0,1","3,65","3,45","-0,2",a,h,0
2020-06-13_1.__uni,10,pinnacle,germany,bundesliga,2019/2020,13/06/2020,15:30:00,1._fc_koln,union_berlin,0,1,1,1,1,2,"2,01","2,02","0,01","3,87","4,03","0,16","3,64","3,54","-0,1",a,h,0
2020-06-13_1.__uni,20,sbobet,germany,bundesliga,2019/2020,13/06/2020,15:30:00,1._fc_koln,union_berlin,0,1,1,1,1,2,"1,96","2,04","0,08","3,3","3,64","0,34","3,21","3,3","0,09",a,h,0
2020-06-13_1.__uni,4,unibet,germany,bundesliga,2019/2020,13/06/2020,15:30:00,1._fc_koln,union_berlin,0,1,1,1,1,2,"1,94",2,"0,06","3,85","3,8","-0,05","3,65","3,4","-0,25",a,h,0
2020-06-13_1.__uni,22,william hill,germany,bundesliga,2019/2020,13/06/2020,15:30:00,1._fc_koln,union_berlin,0,1,1,1,1,2,"1,95","2,05","0,1","3,8","3,7","-0,1","3,6","3,5","-0,1",a,h,0
2020-06-13_1.__uni,12,betfair exchange,germany,bundesliga,2019/2020,13/06/2020,15:30:00,1._fc_koln,union_berlin,0,1,1,1,1,2,"1,97","2,05","0,08","3,8","3,85","0,05","3,7","3,42","-0,28",a,h,0
2018-08-13_1.__uni,7,10bet,germany,2-bundesliga,2018/2019,13/08/2018,20:30:00,1._fc_koln,union_berlin,1,0,0,1,1,1,"1,71","1,59","-0,12","4,7","5,5","0,8","3,4","3,9","0,5",d,h,0
2018-08-13_1.__uni,9,188bet,germany,2-bundesliga,2018/2019,13/08/2018,20:30:00,1._fc_koln,union_berlin,1,0,0,1,1,1,"1,74","1,62","-0,12","4,1","5,3","1,2","3,55","4,1","0,55",d,h,0
2018-08-13_1.__uni,18,1xbet,germany,2-bundesliga,2018/2019,13/08/2018,20:30:00,1._fc_koln,union_berlin,1,0,0,1,1,1,"1,82","1,58","-0,24","5,1","5,85","0,75","3,6","4,08","0,48",d,h,0
2018-08-13_1.__uni,17,888sport,germany,2-bundesliga,2018/2019,13/08/2018,20:30:00,1._fc_koln,union_berlin,1,0,0,1,1,1,"1,65","1,6","-0,05","5,25","5,25",0,"3,55","3,8","0,25",d,h,0
2018-08-13_1.__uni,5,bet-at-home,germany,2-bundesliga,2018/2019,13/08/2018,20:30:00,1._fc_koln,union_berlin,1,0,0,1,1,1,"1,72","1,58","-0,14","4,5","5,24","0,74","3,6","3,9","0,3",d,h,0
2018-08-13_1.__uni,8,bet365,germany,2-bundesliga,2018/2019,13/08/2018,20:30:00,1._fc_koln,union_berlin,1,0,0,1,1,1,"1,72","1,57","-0,15","4,75",6,"1,25","3,6","3,8","0,2",d,h,0
2018-08-13_1.__uni,6,betfair,germany,2-bundesliga,2018/2019,13/08/2018,20:30:00,1._fc_koln,union_berlin,1,0,0,1,1,1,"1,67","1,55","-0,12",5,"5,5","0,5","3,4",4,"0,6",d,h,0
2018-08-13_1.__uni,2,betsafe,germany,2-bundesliga,2018/2019,13/08/2018,20:30:00,1._fc_koln,union_berlin,1,0,0,1,1,1,"1,72","1,55","-0,17","4,25","5,35","1,1","3,5","3,75","0,25",d,h,0
2018-08-13_1.__uni,15,betsson,germany,2-bundesliga,2018/2019,13/08/2018,20:30:00,1._fc_koln,union_berlin,1,0,0,1,1,1,"1,75","1,57","-0,18","4,35","5,4","1,05","3,55","3,8","0,25",d,h,0
2018-08-13_1.__uni,19,betvictor,germany,2-bundesliga,2018/2019,13/08/2018,20:30:00,1._fc_koln,union_berlin,1,0,0,1,1,1,"1,8","1,65","-0,15","4,6","5,25","0,65","3,6",4,"0,4",d,h,0
2018-08-13_1.__uni,14,betway,germany,2-bundesliga,2018/2019,13/08/2018,20:30:00,1._fc_koln,union_berlin,1,0,0,1,1,1,"1,67","1,65","-0,02","5,25","5,75","0,5","3,6","3,8","0,2",d,h,0
2018-08-13_1.__uni,1,bwin,germany,2-bundesliga,2018/2019,13/08/2018,20:30:00,1._fc_koln,union_berlin,1,0,0,1,1,1,"1,65","1,55","-0,1",5,"5,75","0,75","3,8","4,1","0,3",d,h,0
2018-08-13_1.__uni,13,comeon,germany,2-bundesliga,2018/2019,13/08/2018,20:30:00,1._fc_koln,union_berlin,1,0,0,1,1,1,"1,71","1,59","-0,12","4,7","5,5","0,8","3,4","3,9","0,5",d,h,0
2018-08-13_1.__uni,3,interwetten,germany,2-bundesliga,2018/2019,13/08/2018,20:30:00,1._fc_koln,union_berlin,1,0,0,1,1,1,"1,7","1,65","-0,05","4,7",5,"0,3","3,6","3,7","0,1",d,h,0
2018-08-13_1.__uni,10,pinnacle,germany,2-bundesliga,2018/2019,13/08/2018,20:30:00,1._fc_koln,union_berlin,1,0,0,1,1,1,"1,72","1,63","-0,09","5,6","5,77","0,17","3,57","4,06","0,49",d,h,0
2018-08-13_1.__uni,20,sbobet,germany,2-bundesliga,2018/2019,13/08/2018,20:30:00,1._fc_koln,union_berlin,1,0,0,1,1,1,"1,72","1,6","-0,12","4,5","4,9","0,4","3,6","3,95","0,35",d,h,0
2018-08-13_1.__uni,4,unibet,germany,2-bundesliga,2018/2019,13/08/2018,20:30:00,1._fc_koln,union_berlin,1,0,0,1,1,1,"1,65","1,6","-0,05","5,3","5,3",0,"3,6","3,85","0,25",d,h,0
2018-08-13_1.__uni,22,william hill,germany,2-bundesliga,2018/2019,13/08/2018,20:30:00,1._fc_koln,union_berlin,1,0,0,1,1,1,"1,75","1,62","-0,13","4,5",5,"0,5","3,6",4,"0,4",d,h,0
2018-08-13_1.__uni,12,betfair exchange,germany,2-bundesliga,2018/2019,13/08/2018,20:30:00,1._fc_koln,union_berlin,1,0,0,1,1,1,"1,02","1,63","0,61","1,02","5,94","4,92","1,02","4,04","3,02",d,h,0
2019-12-14_1.__bay,7,10bet,germany,bundesliga,2019/2020,14/12/2019,15:30:00,1._fc_koln,bayer_leverkusen,0,0,2,0,2,0,"3,9","3,75","-0,15","1,77","1,87","0,1","3,55","3,7","0,15",h,d,0
2019-12-14_1.__bay,9,188bet,germany,bundesliga,2019/2020,14/12/2019,15:30:00,1._fc_koln,bayer_leverkusen,0,0,2,0,2,0,"3,55","3,65","0,1","1,88","1,96","0,08","3,75","3,8","0,05",h,d,0
2019-12-14_1.__bay,18,1xbet,germany,bundesliga,2019/2020,14/12/2019,15:30:00,1._fc_koln,bayer_leverkusen,0,0,2,0,2,0,"4,1","4,04","-0,06","1,82","1,93","0,11","3,84","3,78","-0,06",h,d,0
2019-12-14_1.__bay,17,888sport,germany,bundesliga,2019/2020,14/12/2019,15:30:00,1._fc_koln,bayer_leverkusen,0,0,2,0,2,0,4,"3,95","-0,05","1,84","1,82","-0,02","3,65","3,8","0,15",h,d,0
2019-12-14_1.__bay,5,bet-at-home,germany,bundesliga,2019/2020,14/12/2019,15:30:00,1._fc_koln,bayer_leverkusen,0,0,2,0,2,0,"4,28","3,64","-0,64","1,77","1,92","0,15","3,82","3,79","-0,03",h,d,0
2019-12-14_1.__bay,8,bet365,germany,bundesliga,2019/2020,14/12/2019,15:30:00,1._fc_koln,bayer_leverkusen,0,0,2,0,2,0,4,4,0,"1,83","1,9","0,07","3,75","3,75",0,h,d,0
2019-12-14_1.__bay,6,betfair,germany,bundesliga,2019/2020,14/12/2019,15:30:00,1._fc_koln,bayer_leverkusen,0,0,2,0,2,0,"4,2","3,9","-0,3","1,75","1,87","0,12","3,8","3,7","-0,1",h,d,0
2019-12-14_1.__bay,2,betsafe,germany,bundesliga,2019/2020,14/12/2019,15:30:00,1._fc_koln,bayer_leverkusen,0,0,2,0,2,0,"3,95","3,7","-0,25","1,91","1,97","0,06","3,7","3,7",0,h,d,0
2019-12-14_1.__bay,15,betsson,germany,bundesliga,2019/2020,14/12/2019,15:30:00,1._fc_koln,bayer_leverkusen,0,0,2,0,2,0,"3,95","3,7","-0,25","1,91","1,97","0,06","3,7","3,7",0,h,d,0
2019-12-14_1.__bay,19,betvictor,germany,bundesliga,2019/2020,14/12/2019,15:30:00,1._fc_koln,bayer_leverkusen,0,0,2,0,2,0,"3,7","3,7",0,"1,83","1,93","0,1","3,9","3,9",0,h,d,0
2019-12-14_1.__bay,14,betway,germany,bundesliga,2019/2020,14/12/2019,15:30:00,1._fc_koln,bayer_leverkusen,0,0,2,0,2,0,"4,2","3,8","-0,4","1,88","1,91","0,03","3,6","3,8","0,2",h,d,0
2019-12-14_1.__bay,1,bwin,germany,bundesliga,2019/2020,14/12/2019,15:30:00,1._fc_koln,bayer_leverkusen,0,0,2,0,2,0,"4,4",4,"-0,4","1,75","1,85","0,1","3,7","3,9","0,2",h,d,0
2019-12-14_1.__bay,13,comeon,germany,bundesliga,2019/2020,14/12/2019,15:30:00,1._fc_koln,bayer_leverkusen,0,0,2,0,2,0,"3,9","3,85","-0,05","1,77","1,87","0,1","3,55","3,8","0,25",h,d,0
2019-12-14_1.__bay,3,interwetten,germany,bundesliga,2019/2020,14/12/2019,15:30:00,1._fc_koln,bayer_leverkusen,0,0,2,0,2,0,"3,9","3,9",0,"1,87","1,9","0,03","3,85","3,7","-0,15",h,d,0
2019-12-14_1.__bay,10,pinnacle,germany,bundesliga,2019/2020,14/12/2019,15:30:00,1._fc_koln,bayer_leverkusen,0,0,2,0,2,0,"4,47","3,78","-0,69","1,81","2,01","0,2","3,96","3,77","-0,19",h,d,0
2019-12-14_1.__bay,20,sbobet,germany,bundesliga,2019/2020,14/12/2019,15:30:00,1._fc_koln,bayer_leverkusen,0,0,2,0,2,0,"3,65","3,65",0,"1,88","1,99","0,11","3,4","3,8","0,4",h,d,0
2019-12-14_1.__bay,4,unibet,germany,bundesliga,2019/2020,14/12/2019,15:30:00,1._fc_koln,bayer_leverkusen,0,0,2,0,2,0,"4,1",4,"-0,1","1,85","1,84","-0,01","3,7","3,85","0,15",h,d,0
2019-12-14_1.__bay,22,william hill,germany,bundesliga,2019/2020,14/12/2019,15:30:00,1._fc_koln,bayer_leverkusen,0,0,2,0,2,0,4,"3,8","-0,2","1,83","1,91","0,08","3,9","3,75","-0,15",h,d,0
2019-12-14_1.__bay,12,betfair exchange,germany,bundesliga,2019/2020,14/12/2019,15:30:00,1._fc_koln,bayer_leverkusen,0,0,2,0,2,0,"4,2","3,85","-0,35","1,81","1,93","0,12","3,85","3,8","-0,05",h,d,0
2019-09-14_1.__b._,7,10bet,germany,bundesliga,2019/2020,14/09/2019,15:30:00,1._fc_koln,b._monchengladbach,0,1,0,0,0,1,"2,65","2,15","-0,5","2,4","3,1","0,7","3,3","3,55","0,25",a,h,0
2019-09-14_1.__b._,9,188bet,germany,bundesliga,2019/2020,14/09/2019,15:30:00,1._fc_koln,b._monchengladbach,0,1,0,0,0,1,"2,55","2,17","-0,38","2,47","3,2","0,73","3,55","3,75","0,2",a,h,0
2019-09-14_1.__b._,18,1xbet,germany,bundesliga,2019/2020,14/09/2019,15:30:00,1._fc_koln,b._monchengladbach,0,1,0,0,0,1,"2,79","2,26","-0,53","2,43","3,24","0,81","3,52","3,66","0,14",a,h,0
2019-09-14_1.__b._,17,888sport,germany,bundesliga,2019/2020,14/09/2019,15:30:00,1._fc_koln,b._monchengladbach,0,1,0,0,0,1,"2,7","2,2","-0,5","2,55","3,05","0,5","3,3","3,5","0,2",a,h,0
2019-09-14_1.__b._,5,bet-at-home,germany,bundesliga,2019/2020,14/09/2019,15:30:00,1._fc_koln,b._monchengladbach,0,1,0,0,0,1,"2,79","2,16","-0,63","2,4","3,11","0,71","3,51","3,63","0,12",a,h,0
2019-09-14_1.__b._,8,bet365,germany,bundesliga,2019/2020,14/09/2019,15:30:00,1._fc_koln,b._monchengladbach,0,1,0,0,0,1,"2,7","2,1","-0,6","2,5","3,3","0,8","3,4","3,6","0,2",a,h,0
2019-09-14_1.__b._,6,betfair,germany,bundesliga,2019/2020,14/09/2019,15:30:00,1._fc_koln,b._monchengladbach,0,1,0,0,0,1,"2,75","2,2","-0,55","2,38","3,1","0,72","3,5","3,5",0,a,h,0
2019-09-14_1.__b._,2,betsafe,germany,bundesliga,2019/2020,14/09/2019,15:30:00,1._fc_koln,b._monchengladbach,0,1,0,0,0,1,"2,65","2,23","-0,42","2,5","3,05","0,55","3,65","3,75","0,1",a,h,0
2019-09-14_1.__b._,15,betsson,germany,bundesliga,2019/2020,14/09/2019,15:30:00,1._fc_koln,b._monchengladbach,0,1,0,0,0,1,"2,65","2,23","-0,42","2,5","3,05","0,55","3,65","3,75","0,1",a,h,0
2019-09-14_1.__b._,19,betvictor,germany,bundesliga,2019/2020,14/09/2019,15:30:00,1._fc_koln,b._monchengladbach,0,1,0,0,0,1,"2,7","2,25","-0,45","2,63","3,13","0,5","3,5","3,6","0,1",a,h,0
2019-09-14_1.__b._,14,betway,germany,bundesliga,2019/2020,14/09/2019,15:30:00,1._fc_koln,b._monchengladbach,0,1,0,0,0,1,"2,8","2,15","-0,65","2,5","3,1","0,6","3,4","3,75","0,35",a,h,0
2019-09-14_1.__b._,1,bwin,germany,bundesliga,2019/2020,14/09/2019,15:30:00,1._fc_koln,b._monchengladbach,0,1,0,0,0,1,"2,7","2,2","-0,5","2,4","3,1","0,7","3,5","3,6","0,1",a,h,0
2019-09-14_1.__b._,13,comeon,germany,bundesliga,2019/2020,14/09/2019,15:30:00,1._fc_koln,b._monchengladbach,0,1,0,0,0,1,"2,7","2,15","-0,55","2,45","3,15","0,7","3,35","3,6","0,25",a,h,0
2019-09-14_1.__b._,3,interwetten,germany,bundesliga,2019/2020,14/09/2019,15:30:00,1._fc_koln,b._monchengladbach,0,1,0,0,0,1,"2,65","2,4","-0,25","2,55","2,85","0,3","3,55","3,5","-0,05",a,h,0
2019-09-14_1.__b._,10,pinnacle,germany,bundesliga,2019/2020,14/09/2019,15:30:00,1._fc_koln,b._monchengladbach,0,1,0,0,0,1,"2,79","2,22","-0,57","2,61","3,19","0,58","3,47","3,77","0,3",a,h,0
2019-09-14_1.__b._,20,sbobet,germany,bundesliga,2019/2020,14/09/2019,15:30:00,1._fc_koln,b._monchengladbach,0,1,0,0,0,1,"2,73","2,23","-0,5","2,47","3,15","0,68","3,05","3,65","0,6",a,h,0
2019-09-14_1.__b._,4,unibet,germany,bundesliga,2019/2020,14/09/2019,15:30:00,1._fc_koln,b._monchengladbach,0,1,0,0,0,1,"2,75","2,23","-0,52","2,6","3,1","0,5","3,3","3,55","0,25",a,h,0
2019-09-14_1.__b._,22,william hill,germany,bundesliga,2019/2020,14/09/2019,15:30:00,1._fc_koln,b._monchengladbach,0,1,0,0,0,1,"2,62","2,2","-0,42","2,6","3,2","0,6","3,5","3,6","0,1",a,h,0
2019-09-14_1.__b._,12,betfair exchange,germany,bundesliga,2019/2020,14/09/2019,15:30:00,1._fc_koln,b._monchengladbach,0,1,0,0,0,1,"1,01","2,22","1,21","1,01","3,23","2,22","1,01","3,61","2,6",a,h,0
2022-01-15_1.__bay,7,10bet,germany,bundesliga,2021/2022,15/01/2022,15:30:00,1._fc_koln,bayern_munich,0,2,0,2,0,4,7,"5,25","-1,75","1,3","1,45","0,15","5,25","5,5","0,25",a,d,0
2022-01-15_1.__bay,21,10x10bet,germany,bundesliga,2021/2022,15/01/2022,15:30:00,1._fc_koln,bayern_munich,0,2,0,2,0,4,"7,8","6,8",-1,"1,38","1,4","0,02","5,7","5,9","0,2",a,d,0
2022-01-15_1.__bay,9,188bet,germany,bundesliga,2021/2022,15/01/2022,15:30:00,1._fc_koln,bayern_munich,0,2,0,2,0,4,"8,1","6,4","-1,7","1,32","1,42","0,1","5,9","5,5","-0,4",a,d,0
2022-01-15_1.__bay,18,1xbet,germany,bundesliga,2021/2022,15/01/2022,15:30:00,1._fc_koln,bayern_munich,0,2,0,2,0,4,"9,5","6,17","-3,33","1,29","1,42","0,13","7,5",6,"-1,5",a,d,0
2022-01-15_1.__bay,17,888sport,germany,bundesliga,2021/2022,15/01/2022,15:30:00,1._fc_koln,bayern_munich,0,2,0,2,0,4,"7,5","6,9","-0,6","1,33","1,36","0,03",6,"5,7","-0,3",a,d,0
2022-01-15_1.__bay,5,bet-at-home,germany,bundesliga,2021/2022,15/01/2022,15:30:00,1._fc_koln,bayern_munich,0,2,0,2,0,4,"7,2","6,4","-0,8","1,31","1,4","0,09","5,8","5,6","-0,2",a,d,0
2022-01-15_1.__bay,8,bet365,germany,bundesliga,2021/2022,15/01/2022,15:30:00,1._fc_koln,bayern_munich,0,2,0,2,0,4,"8,5","5,5",-3,"1,33","1,4","0,07","5,5","5,75","0,25",a,d,0
2022-01-15_1.__bay,6,betfair,germany,bundesliga,2021/2022,15/01/2022,15:30:00,1._fc_koln,bayern_munich,0,2,0,2,0,4,"7,5",6,"-1,5","1,29","1,36","0,07","5,5","5,5",0,a,d,0
2022-01-15_1.__bay,2,betsafe,germany,bundesliga,2021/2022,15/01/2022,15:30:00,1._fc_koln,bayern_munich,0,2,0,2,0,4,10,"6,5","-3,5","1,3","1,4","0,1",6,6,0,a,d,0
2022-01-15_1.__bay,15,betsson,germany,bundesliga,2021/2022,15/01/2022,15:30:00,1._fc_koln,bayern_munich,0,2,0,2,0,4,10,"6,5","-3,5","1,3","1,4","0,1",6,6,0,a,d,0
2022-01-15_1.__bay,19,betvictor,germany,bundesliga,2021/2022,15/01/2022,15:30:00,1._fc_koln,bayern_munich,0,2,0,2,0,4,8,"6,5","-1,5","1,3","1,4","0,1",6,"5,5","-0,5",a,d,0
2022-01-15_1.__bay,14,betway,germany,bundesliga,2021/2022,15/01/2022,15:30:00,1._fc_koln,bayern_munich,0,2,0,2,0,4,8,7,-1,"1,33","1,38","0,05","5,75","5,5","-0,25",a,d,0
2022-01-15_1.__bay,1,bwin,germany,bundesliga,2021/2022,15/01/2022,15:30:00,1._fc_koln,bayern_munich,0,2,0,2,0,4,"8,75",6,"-2,75","1,3","1,39","0,09",6,"5,75","-0,25",a,d,0
2022-01-15_1.__bay,13,comeon,germany,bundesliga,2021/2022,15/01/2022,15:30:00,1._fc_koln,bayern_munich,0,2,0,2,0,4,"7,5","5,5",-2,"1,31","1,44","0,13","5,75","5,75",0,a,d,0
2022-01-15_1.__bay,3,interwetten,germany,bundesliga,2021/2022,15/01/2022,15:30:00,1._fc_koln,bayern_munich,0,2,0,2,0,4,"7,75","5,75",-2,"1,33","1,45","0,12",6,"5,25","-0,75",a,d,0
2022-01-15_1.__bay,10,pinnacle,germany,bundesliga,2021/2022,15/01/2022,15:30:00,1._fc_koln,bayern_munich,0,2,0,2,0,4,"6,44","6,56","0,12","1,41","1,43","0,02","5,04","5,81","0,77",a,d,0
2022-01-15_1.__bay,20,sbobet,germany,bundesliga,2021/2022,15/01/2022,15:30:00,1._fc_koln,bayern_munich,0,2,0,2,0,4,"7,72","5,8","-1,92","1,29","1,4","0,11","4,74","5,42","0,68",a,d,0
2022-01-15_1.__bay,4,unibet,germany,bundesliga,2021/2022,15/01/2022,15:30:00,1._fc_koln,bayern_munich,0,2,0,2,0,4,8,"6,25","-1,75","1,3","1,4","0,1","6,1","5,6","-0,5",a,d,0
2022-01-15_1.__bay,22,william hill,germany,bundesliga,2021/2022,15/01/2022,15:30:00,1._fc_koln,bayern_munich,0,2,0,2,0,4,9,"6,5","-2,5","1,32","1,38","0,06","5,25","5,5","0,25",a,d,0
2022-01-15_1.__bay,12,betfair exchange,germany,bundesliga,2021/2022,15/01/2022,15:30:00,1._fc_koln,bayern_munich,0,2,0,2,0,4,"4,6","6,51","1,91","1,18","1,43","0,25","3,75","5,75",2,a,d,0
2024-03-15_1.__rb_,21,10x10bet,germany,bundesliga,2023/2024,15/03/2024,20:30:00,1._fc_koln,rb_leipzig,1,1,0,4,1,5,"4,8","6,7","1,9","1,7","1,5","-0,2","4,33","4,75","0,42",a,d,0
2024-03-15_1.__rb_,18,1xbet,germany,bundesliga,2023/2024,15/03/2024,20:30:00,1._fc_koln,rb_leipzig,1,1,0,4,1,5,"4,81","6,85","2,04","1,71","1,47","-0,24","4,5","4,86","0,36",a,d,0
2024-03-15_1.__rb_,16,alphabet,germany,bundesliga,2023/2024,15/03/2024,20:30:00,1._fc_koln,rb_leipzig,1,1,0,4,1,5,"4,8","6,6","1,8","1,7","1,5","-0,2","4,33","4,75","0,42",a,d,0
2024-03-15_1.__rb_,5,bet-at-home,germany,bundesliga,2023/2024,15/03/2024,20:30:00,1._fc_koln,rb_leipzig,1,1,0,4,1,5,"4,5","6,5",2,"1,65","1,45","-0,2","4,2","4,75","0,55",a,d,0
2024-03-15_1.__rb_,8,bet365,germany,bundesliga,2023/2024,15/03/2024,20:30:00,1._fc_koln,rb_leipzig,1,1,0,4,1,5,5,"6,5","1,5","1,57","1,45","-0,12","4,33","4,75","0,42",a,d,0
2024-03-15_1.__rb_,6,betfair,germany,bundesliga,2023/2024,15/03/2024,20:30:00,1._fc_koln,rb_leipzig,1,1,0,4,1,5,"4,2","6,5","2,3","1,67","1,44","-0,23","4,1","4,75","0,65",a,d,0
2024-03-15_1.__rb_,2,betsafe,germany,bundesliga,2023/2024,15/03/2024,20:30:00,1._fc_koln,rb_leipzig,1,1,0,4,1,5,"4,75",6,"1,25","1,65","1,55","-0,1","4,5","4,5",0,a,d,0
2024-03-15_1.__rb_,15,betsson,germany,bundesliga,2023/2024,15/03/2024,20:30:00,1._fc_koln,rb_leipzig,1,1,0,4,1,5,"4,75",6,"1,25","1,65","1,55","-0,1","4,5","4,5",0,a,d,0
2024-03-15_1.__rb_,19,betvictor,germany,bundesliga,2023/2024,15/03/2024,20:30:00,1._fc_koln,rb_leipzig,1,1,0,4,1,5,"4,75","6,5","1,75","1,62","1,45","-0,17",4,"4,8","0,8",a,d,0
2024-03-15_1.__rb_,14,betway,germany,bundesliga,2023/2024,15/03/2024,20:30:00,1._fc_koln,rb_leipzig,1,1,0,4,1,5,"4,33",6,"1,67","1,67","1,48","-0,19",4,"4,75","0,75",a,d,0
2024-03-15_1.__rb_,1,bwin,germany,bundesliga,2023/2024,15/03/2024,20:30:00,1._fc_koln,rb_leipzig,1,1,0,4,1,5,"4,6","6,5","1,9","1,65","1,46","-0,19","4,2","4,6","0,4",a,d,0
2024-03-15_1.__rb_,3,interwetten,germany,bundesliga,2023/2024,15/03/2024,20:30:00,1._fc_koln,rb_leipzig,1,1,0,4,1,5,"4,6","5,75","1,15","1,65","1,53","-0,12","4,3","4,6","0,3",a,d,0
2024-03-15_1.__rb_,10,pinnacle,germany,bundesliga,2023/2024,15/03/2024,20:30:00,1._fc_koln,rb_leipzig,1,1,0,4,1,5,"4,37","6,76","2,39","1,69","1,47","-0,22","4,02","4,89","0,87",a,d,0
2024-03-15_1.__rb_,4,unibet,germany,bundesliga,2023/2024,15/03/2024,20:30:00,1._fc_koln,rb_leipzig,1,1,0,4,1,5,"5,1","6,1",1,"1,6","1,48","-0,12","4,4","4,7","0,3",a,d,0
2024-03-15_1.__rb_,22,william hill,germany,bundesliga,2023/2024,15/03/2024,20:30:00,1._fc_koln,rb_leipzig,1,1,0,4,1,5,"4,6","6,5","1,9","1,65","1,44","-0,21","4,2","4,75","0,55",a,d,0
2024-03-15_1.__rb_,12,betfair exchange,germany,bundesliga,2023/2024,15/03/2024,20:30:00,1._fc_koln,rb_leipzig,1,1,0,4,1,5,"1,05","6,7","5,65","1,05","1,48","0,43","1,01","4,8","3,79",a,d,0
2019-04-15_1.__ham,7,10bet,germany,2-bundesliga,2018/2019,15/04/2019,20:30:00,1._fc_koln,hamburger,1,0,0,1,1,1,"1,69","1,63","-0,06","4,3","4,7","0,4","3,45","3,8","0,35",d,h,0
2019-04-15_1.__ham,9,188bet,germany,2-bundesliga,2018/2019,15/04/2019,20:30:00,1._fc_koln,hamburger,1,0,0,1,1,1,"1,77","1,68","-0,09","3,7","4,9","1,2","3,75","3,95","0,2",d,h,0
2019-04-15_1.__ham,18,1xbet,germany,2-bundesliga,2018/2019,15/04/2019,20:30:00,1._fc_koln,hamburger,1,0,0,1,1,1,"1,69","1,65","-0,04","4,24","4,76","0,52","3,6","3,86","0,26",d,h,0
2019-04-15_1.__ham,17,888sport,germany,2-bundesliga,2018/2019,15/04/2019,20:30:00,1._fc_koln,hamburger,1,0,0,1,1,1,"1,72","1,65","-0,07","4,2","4,9","0,7","3,9","3,75","-0,15",d,h,0
2019-04-15_1.__ham,5,bet-at-home,germany,2-bundesliga,2018/2019,15/04/2019,20:30:00,1._fc_koln,hamburger,1,0,0,1,1,1,"1,71","1,66","-0,05","4,41","4,59","0,18","3,71","3,86","0,15",d,h,0
2019-04-15_1.__ham,8,bet365,germany,2-bundesliga,2018/2019,15/04/2019,20:30:00,1._fc_koln,hamburger,1,0,0,1,1,1,"1,75","1,6","-0,15","4,33","4,75","0,42","3,8","4,5","0,7",d,h,0
2019-04-15_1.__ham,6,betfair,germany,2-bundesliga,2018/2019,15/04/2019,20:30:00,1._fc_koln,hamburger,1,0,0,1,1,1,"1,67","1,65","-0,02","4,33","4,75","0,42","3,6","3,9","0,3",d,h,0
2019-04-15_1.__ham,2,betsafe,germany,2-bundesliga,2018/2019,15/04/2019,20:30:00,1._fc_koln,hamburger,1,0,0,1,1,1,"1,71","1,65","-0,06","4,15","4,5","0,35","3,6","3,65","0,05",d,h,0
2019-04-15_1.__ham,15,betsson,germany,2-bundesliga,2018/2019,15/04/2019,20:30:00,1._fc_koln,hamburger,1,0,0,1,1,1,"1,74","1,67","-0,07","4,2","4,6","0,4","3,7","3,75","0,05",d,h,0
2019-04-15_1.__ham,19,betvictor,germany,2-bundesliga,2018/2019,15/04/2019,20:30:00,1._fc_koln,hamburger,1,0,0,1,1,1,"1,8","1,67","-0,13","4,4","4,8","0,4","3,6","4,1","0,5",d,h,0
2019-04-15_1.__ham,14,betway,germany,2-bundesliga,2018/2019,15/04/2019,20:30:00,1._fc_koln,hamburger,1,0,0,1,1,1,"1,73","1,65","-0,08","4,5",5,"0,5","3,75","3,8","0,05",d,h,0
2019-04-15_1.__ham,1,bwin,germany,2-bundesliga,2018/2019,15/04/2019,20:30:00,1._fc_koln,hamburger,1,0,0,1,1,1,"1,72","1,65","-0,07","4,33",5,"0,67","3,9","4,1","0,2",d,h,0
2019-04-15_1.__ham,13,comeon,germany,2-bundesliga,2018/2019,15/04/2019,20:30:00,1._fc_koln,hamburger,1,0,0,1,1,1,"1,74","1,67","-0,07","4,4","4,85","0,45","3,55","3,9","0,35",d,h,0
2019-04-15_1.__ham,3,interwetten,germany,2-bundesliga,2018/2019,15/04/2019,20:30:00,1._fc_koln,hamburger,1,0,0,1,1,1,"1,73","1,75","0,02","4,35","4,6","0,25","3,85","3,6","-0,25",d,h,0
2019-04-15_1.__ham,10,pinnacle,germany,2-bundesliga,2018/2019,15/04/2019,20:30:00,1._fc_koln,hamburger,1,0,0,1,1,1,"1,8","1,7","-0,1","4,76","5,1","0,34","3,63","3,96","0,33",d,h,0
2019-04-15_1.__ham,20,sbobet,germany,2-bundesliga,2018/2019,15/04/2019,20:30:00,1._fc_koln,hamburger,1,0,0,1,1,1,"1,77","1,68","-0,09","4,3","4,6","0,3","3,6","3,7","0,1",d,h,0
2019-04-15_1.__ham,4,unibet,germany,2-bundesliga,2018/2019,15/04/2019,20:30:00,1._fc_koln,hamburger,1,0,0,1,1,1,"1,72","1,65","-0,07","4,25","4,9","0,65","3,95","3,8","-0,15",d,h,0
2019-04-15_1.__ham,22,william hill,germany,2-bundesliga,2018/2019,15/04/2019,20:30:00,1._fc_koln,hamburger,1,0,0,1,1,1,"1,73","1,65","-0,08","4,6","4,8","0,2","3,6","3,9","0,3",d,h,0
2019-04-15_1.__ham,12,betfair exchange,germany,2-bundesliga,2018/2019,15/04/2019,20:30:00,1._fc_koln,hamburger,1,0,0,1,1,1,"1,5","1,69","0,19","1,22","5,09","3,87","2,86","4,04","1,18",d,h,0
2023-04-15_1.__mai,7,10bet,germany,bundesliga,2022/2023,15/04/2023,15:30:00,1._fc_koln,mainz,0,1,1,0,1,1,"2,45","2,8","0,35","2,55","2,7","0,15","3,25","3,2","-0,05",d,d,1
2023-04-15_1.__mai,21,10x10bet,germany,bundesliga,2022/2023,15/04/2023,15:30:00,1._fc_koln,mainz,0,1,1,0,1,1,"2,36","2,69","0,33","3,01","2,9","-0,11","3,71","3,23","-0,48",d,h,0
2023-04-15_1.__mai,9,188bet,germany,bundesliga,2022/2023,15/04/2023,15:30:00,1._fc_koln,mainz,0,1,1,0,1,1,"2,4","2,66","0,26","2,77","2,69","-0,08","3,7","3,4","-0,3",d,h,0
2023-04-15_1.__mai,18,1xbet,germany,bundesliga,2022/2023,15/04/2023,15:30:00,1._fc_koln,mainz,0,1,1,0,1,1,"2,67","2,62","-0,05","2,67","2,86","0,19","3,74","3,34","-0,4",d,h,0
2023-04-15_1.__mai,16,alphabet,germany,bundesliga,2022/2023,15/04/2023,15:30:00,1._fc_koln,mainz,0,1,1,0,1,1,"2,35","2,68","0,33",3,"2,89","-0,11","3,69","3,21","-0,48",d,h,0
2023-04-15_1.__mai,5,bet-at-home,germany,bundesliga,2022/2023,15/04/2023,15:30:00,1._fc_koln,mainz,0,1,1,0,1,1,"2,6","2,77","0,17","2,5","2,63","0,13","3,5","3,2","-0,3",d,d,1
2023-04-15_1.__mai,8,bet365,germany,bundesliga,2022/2023,15/04/2023,15:30:00,1._fc_koln,mainz,0,1,1,0,1,1,"2,6","2,7","0,1","2,6","2,63","0,03","3,4","3,25","-0,15",d,d,1
2023-04-15_1.__mai,6,betfair,germany,bundesliga,2022/2023,15/04/2023,15:30:00,1._fc_koln,mainz,0,1,1,0,1,1,"2,63","2,7","0,07","2,45","2,7","0,25","3,5","3,1","-0,4",d,,0
2023-04-15_1.__mai,2,betsafe,germany,bundesliga,2022/2023,15/04/2023,15:30:00,1._fc_koln,mainz,0,1,1,0,1,1,"2,6","2,75","0,15","2,65","2,75","0,1","3,6","3,25","-0,35",d,,0
2023-04-15_1.__mai,15,betsson,germany,bundesliga,2022/2023,15/04/2023,15:30:00,1._fc_koln,mainz,0,1,1,0,1,1,"2,6","2,75","0,15","2,65","2,75","0,1","3,6","3,25","-0,35",d,,0
2023-04-15_1.__mai,19,betvictor,germany,bundesliga,2022/2023,15/04/2023,15:30:00,1._fc_koln,mainz,0,1,1,0,1,1,"2,55","2,7","0,15","2,55","2,63","0,08","3,4","3,3","-0,1",d,d,1
2023-04-15_1.__mai,14,betway,germany,bundesliga,2022/2023,15/04/2023,15:30:00,1._fc_koln,mainz,0,1,1,0,1,1,"2,38","2,7","0,32","2,6","2,7","0,1","3,4","3,2","-0,2",d,,0
2023-04-15_1.__mai,1,bwin,germany,bundesliga,2022/2023,15/04/2023,15:30:00,1._fc_koln,mainz,0,1,1,0,1,1,"2,6","2,7","0,1","2,5","2,65","0,15","3,7","3,2","-0,5",d,d,1
2023-04-15_1.__mai,13,comeon,germany,bundesliga,2022/2023,15/04/2023,15:30:00,1._fc_koln,mainz,0,1,1,0,1,1,"2,55","2,8","0,25","2,65","2,75","0,1","3,45","3,25","-0,2",d,d,1
2023-04-15_1.__mai,3,interwetten,germany,bundesliga,2022/2023,15/04/2023,15:30:00,1._fc_koln,mainz,0,1,1,0,1,1,"2,55","2,75","0,2","2,8","2,6","-0,2","3,4","3,35","-0,05",d,d,1
2023-04-15_1.__mai,10,pinnacle,germany,bundesliga,2022/2023,15/04/2023,15:30:00,1._fc_koln,mainz,0,1,1,0,1,1,"2,3","2,81","0,51","2,92","2,77","-0,15","3,59","3,29","-0,3",d,d,1
2023-04-15_1.__mai,4,unibet,germany,bundesliga,2022/2023,15/04/2023,15:30:00,1._fc_koln,mainz,0,1,1,0,1,1,"2,6","2,63","0,03","2,6","2,7","0,1","3,55","3,3","-0,25",d,h,0
2023-04-15_1.__mai,22,william hill,germany,bundesliga,2022/2023,15/04/2023,15:30:00,1._fc_koln,mainz,0,1,1,0,1,1,"2,5","2,7","0,2","2,75","2,7","-0,05","3,4","3,1","-0,3",d,,0
2023-04-15_1.__mai,12,betfair exchange,germany,bundesliga,2022/2023,15/04/2023,15:30:00,1._fc_koln,mainz,0,1,1,0,1,1,"1,06","2,75","1,69","1,06","2,71","1,65","1,01","3,23","2,22",d,d,1
2021-08-15_1.__her,7,10bet,germany,bundesliga,2021/2022,15/08/2021,17:30:00,1._fc_koln,hertha_berlin,1,1,2,0,3,1,"2,55","2,4","-0,15","2,85","3,1","0,25","3,35","3,35",0,h,h,1
2021-08-15_1.__her,21,10x10bet,germany,bundesliga,2021/2022,15/08/2021,17:30:00,1._fc_koln,hertha_berlin,1,1,2,0,3,1,"2,61","2,58","-0,03","2,8","2,87","0,07","3,45","3,4","-0,05",h,h,1
2021-08-15_1.__her,9,188bet,germany,bundesliga,2021/2022,15/08/2021,17:30:00,1._fc_koln,hertha_berlin,1,1,2,0,3,1,"2,46","2,33","-0,13","2,7","3,15","0,45","3,3","3,4","0,1",h,h,1
2021-08-15_1.__her,18,1xbet,germany,bundesliga,2021/2022,15/08/2021,17:30:00,1._fc_koln,hertha_berlin,1,1,2,0,3,1,"3,11","2,42","-0,69","2,44","2,96","0,52","3,52","3,57","0,05",h,h,1
2021-08-15_1.__her,17,888sport,germany,bundesliga,2021/2022,15/08/2021,17:30:00,1._fc_koln,hertha_berlin,1,1,2,0,3,1,"2,95","2,4","-0,55","2,4","3,05","0,65","3,35","3,25","-0,1",h,h,1
2021-08-15_1.__her,5,bet-at-home,germany,bundesliga,2021/2022,15/08/2021,17:30:00,1._fc_koln,hertha_berlin,1,1,2,0,3,1,"2,49","2,35","-0,14","2,65","3,1","0,45","3,3","3,3",0,h,h,1
2021-08-15_1.__her,8,bet365,germany,bundesliga,2021/2022,15/08/2021,17:30:00,1._fc_koln,hertha_berlin,1,1,2,0,3,1,"2,5","2,37","-0,13","2,75","2,9","0,15","3,3","3,5","0,2",h,h,1
2021-08-15_1.__her,6,betfair,germany,bundesliga,2021/2022,15/08/2021,17:30:00,1._fc_koln,hertha_berlin,1,1,2,0,3,1,"2,7","2,3","-0,4","2,6",3,"0,4","3,1","3,3","0,2",h,h,1
2021-08-15_1.__her,2,betsafe,germany,bundesliga,2021/2022,15/08/2021,17:30:00,1._fc_koln,hertha_berlin,1,1,2,0,3,1,"2,65","2,35","-0,3","2,8","3,1","0,3","3,3","3,4","0,1",h,h,1
2021-08-15_1.__her,15,betsson,germany,bundesliga,2021/2022,15/08/2021,17:30:00,1._fc_koln,hertha_berlin,1,1,2,0,3,1,"2,65","2,35","-0,3","2,8","3,1","0,3","3,3","3,4","0,1",h,h,1
2021-08-15_1.__her,19,betvictor,germany,bundesliga,2021/2022,15/08/2021,17:30:00,1._fc_koln,hertha_berlin,1,1,2,0,3,1,"2,55","2,3","-0,25","2,75",3,"0,25","3,25","3,5","0,25",h,h,1
2021-08-15_1.__her,14,betway,germany,bundesliga,2021/2022,15/08/2021,17:30:00,1._fc_koln,hertha_berlin,1,1,2,0,3,1,"2,6","2,4","-0,2","2,75",3,"0,25","3,3","3,3",0,h,h,1
2021-08-15_1.__her,1,bwin,germany,bundesliga,2021/2022,15/08/2021,17:30:00,1._fc_koln,hertha_berlin,1,1,2,0,3,1,3,"2,3","-0,7","2,3","3,1","0,8","3,3","3,4","0,1",h,h,1
2021-08-15_1.__her,13,comeon,germany,bundesliga,2021/2022,15/08/2021,17:30:00,1._fc_koln,hertha_berlin,1,1,2,0,3,1,"2,45","2,35","-0,1","2,65",3,"0,35","3,25","3,3","0,05",h,h,1
2021-08-15_1.__her,3,interwetten,germany,bundesliga,2021/2022,15/08/2021,17:30:00,1._fc_koln,hertha_berlin,1,1,2,0,3,1,"2,95","2,35","-0,6","2,4","3,1","0,7","3,35","3,3","-0,05",h,h,1
2021-08-15_1.__her,10,pinnacle,germany,bundesliga,2021/2022,15/08/2021,17:30:00,1._fc_koln,hertha_berlin,1,1,2,0,3,1,"2,33","2,4","0,07","3,28","3,18","-0,1","3,48","3,44","-0,04",h,h,1
2021-08-15_1.__her,20,sbobet,germany,bundesliga,2021/2022,15/08/2021,17:30:00,1._fc_koln,hertha_berlin,1,1,2,0,3,1,"2,43","2,35","-0,08","2,61","3,02","0,41","2,97","3,11","0,14",h,h,1
2021-08-15_1.__her,4,unibet,germany,bundesliga,2021/2022,15/08/2021,17:30:00,1._fc_koln,hertha_berlin,1,1,2,0,3,1,"2,95","2,4","-0,55","2,4","3,05","0,65","3,35","3,25","-0,1",h,h,1
2021-08-15_1.__her,22,william hill,germany,bundesliga,2021/2022,15/08/2021,17:30:00,1._fc_koln,hertha_berlin,1,1,2,0,3,1,"2,55","2,35","-0,2","2,75",3,"0,25","3,3","3,3",0,h,h,1
2021-08-15_1.__her,12,betfair exchange,germany,bundesliga,2021/2022,15/08/2021,17:30:00,1._fc_koln,hertha_berlin,1,1,2,0,3,1,"1,04","2,35","1,31","1,04","3,14","2,1","1,01","3,42","2,41",h,h,1
2021-01-16_1.__her,7,10bet,germany,bundesliga,2020/2021,16/01/2021,15:30:00,1._fc_koln,hertha_berlin,0,0,0,0,0,0,"2,9","3,25","0,35","2,3","2,45","0,15","3,35","3,15","-0,2",d,d,1
2021-01-16_1.__her,9,188bet,germany,bundesliga,2020/2021,16/01/2021,15:30:00,1._fc_koln,hertha_berlin,0,0,0,0,0,0,"3,1","3,3","0,2","2,13","2,33","0,2","3,5","3,2","-0,3",d,d,1
2021-01-16_1.__her,18,1xbet,germany,bundesliga,2020/2021,16/01/2021,15:30:00,1._fc_koln,hertha_berlin,0,0,0,0,0,0,"2,76","3,27","0,51","2,7","2,35","-0,35","3,52","3,33","-0,19",d,d,1
2021-01-16_1.__her,17,888sport,germany,bundesliga,2020/2021,16/01/2021,15:30:00,1._fc_koln,hertha_berlin,0,0,0,0,0,0,"3,15","3,2","0,05","2,3","2,4","0,1","3,35","3,1","-0,25",d,d,1
2021-01-16_1.__her,5,bet-at-home,germany,bundesliga,2020/2021,16/01/2021,15:30:00,1._fc_koln,hertha_berlin,0,0,0,0,0,0,"2,6","3,25","0,65","2,55","2,36","-0,19","3,3","3,15","-0,15",d,d,1
2021-01-16_1.__her,8,bet365,germany,bundesliga,2020/2021,16/01/2021,15:30:00,1._fc_koln,hertha_berlin,0,0,0,0,0,0,"3,2","3,2",0,"2,25","2,3","0,05","3,3","3,25","-0,05",d,d,1
2021-01-16_1.__her,6,betfair,germany,bundesliga,2020/2021,16/01/2021,15:30:00,1._fc_koln,hertha_berlin,0,0,0,0,0,0,"2,88","3,3","0,42","2,4","2,3","-0,1","3,2","3,3","0,1",d,d,1
2021-01-16_1.__her,2,betsafe,germany,bundesliga,2020/2021,16/01/2021,15:30:00,1._fc_koln,hertha_berlin,0,0,0,0,0,0,"3,1","3,3","0,2","2,35","2,35",0,"3,4","3,2","-0,2",d,d,1
2021-01-16_1.__her,15,betsson,germany,bundesliga,2020/2021,16/01/2021,15:30:00,1._fc_koln,hertha_berlin,0,0,0,0,0,0,"3,1","3,25","0,15","2,35","2,4","0,05","3,4","3,2","-0,2",d,d,1
2021-01-16_1.__her,19,betvictor,germany,bundesliga,2020/2021,16/01/2021,15:30:00,1._fc_koln,hertha_berlin,0,0,0,0,0,0,"2,9","2,9",0,"2,3","2,4","0,1","3,4","3,3","-0,1",d,d,1
2021-01-16_1.__her,14,betway,germany,bundesliga,2020/2021,16/01/2021,15:30:00,1._fc_koln,hertha_berlin,0,0,0,0,0,0,"3,2","3,1","-0,1","2,3","2,4","0,1","3,3","3,2","-0,1",d,d,1
2021-01-16_1.__her,1,bwin,germany,bundesliga,2020/2021,16/01/2021,15:30:00,1._fc_koln,hertha_berlin,0,0,0,0,0,0,"3,1","3,1",0,"2,25","2,4","0,15","3,3","3,2","-0,1",d,d,1
2021-01-16_1.__her,13,comeon,germany,bundesliga,2020/2021,16/01/2021,15:30:00,1._fc_koln,hertha_berlin,0,0,0,0,0,0,"2,9","3,2","0,3","2,25","2,4","0,15","3,3","3,15","-0,15",d,d,1
2021-01-16_1.__her,3,interwetten,germany,bundesliga,2020/2021,16/01/2021,15:30:00,1._fc_koln,hertha_berlin,0,0,0,0,0,0,"2,6","3,15","0,55","2,55","2,4","-0,15","3,3","3,15","-0,15",d,d,1
2021-01-16_1.__her,10,pinnacle,germany,bundesliga,2020/2021,16/01/2021,15:30:00,1._fc_koln,hertha_berlin,0,0,0,0,0,0,"3,19","3,48","0,29","2,24","2,37","0,13","3,44","3,2","-0,24",d,d,1
2021-01-16_1.__her,20,sbobet,germany,bundesliga,2020/2021,16/01/2021,15:30:00,1._fc_koln,hertha_berlin,0,0,0,0,0,0,"2,76","3,21","0,45","2,28","2,34","0,06","3,06","2,92","-0,14",d,d,1
2021-01-16_1.__her,4,unibet,germany,bundesliga,2020/2021,16/01/2021,15:30:00,1._fc_koln,hertha_berlin,0,0,0,0,0,0,"3,15","3,2","0,05","2,3","2,4","0,1","3,35","3,1","-0,25",d,d,1
2021-01-16_1.__her,22,william hill,germany,bundesliga,2020/2021,16/01/2021,15:30:00,1._fc_koln,hertha_berlin,0,0,0,0,0,0,"3,2","3,2",0,"2,3","2,35","0,05","3,2","3,1","-0,1",d,d,1
2021-01-16_1.__her,12,betfair exchange,germany,bundesliga,2020/2021,16/01/2021,15:30:00,1._fc_koln,hertha_berlin,0,0,0,0,0,0,"2,54","3,33","0,79","2,12","2,27","0,15","2,62","3,28","0,66",d,d,1
2022-10-16_1.__aug,7,10bet,germany,bundesliga,2022/2023,16/10/2022,15:30:00,1._fc_koln,augsburg,0,1,3,1,3,2,"1,66","1,64","-0,02","4,25","5,25",1,"3,6","4,25","0,65",h,h,1
2022-10-16_1.__aug,21,10x10bet,germany,bundesliga,2022/2023,16/10/2022,15:30:00,1._fc_koln,augsburg,0,1,3,1,3,2,"1,54","1,68","0,14","6,3","4,9","-1,4","4,5","4,3","-0,2",h,h,1
2022-10-16_1.__aug,9,188bet,germany,bundesliga,2022/2023,16/10/2022,15:30:00,1._fc_koln,augsburg,0,1,3,1,3,2,"1,7","1,6","-0,1","4,45","5,2","0,75","4,2","4,4","0,2",h,h,1
2022-10-16_1.__aug,18,1xbet,germany,bundesliga,2022/2023,16/10/2022,15:30:00,1._fc_koln,augsburg,0,1,3,1,3,2,"1,57","1,72","0,15","6,3","4,84","-1,46","4,52","4,38","-0,14",h,h,1
2022-10-16_1.__aug,17,888sport,germany,bundesliga,2022/2023,16/10/2022,15:30:00,1._fc_koln,augsburg,0,1,3,1,3,2,"1,6","1,62","0,02","5,2","4,9","-0,3","4,1","4,25","0,15",h,h,1
2022-10-16_1.__aug,5,bet-at-home,germany,bundesliga,2022/2023,16/10/2022,15:30:00,1._fc_koln,augsburg,0,1,3,1,3,2,"1,48","1,67","0,19","5,8","4,5","-1,3","4,2","4,3","0,1",h,h,1
2022-10-16_1.__aug,8,bet365,germany,bundesliga,2022/2023,16/10/2022,15:30:00,1._fc_koln,augsburg,0,1,3,1,3,2,"1,66","1,57","-0,09",5,"5,25","0,25",4,"4,5","0,5",h,h,1
2022-10-16_1.__aug,6,betfair,germany,bundesliga,2022/2023,16/10/2022,15:30:00,1._fc_koln,augsburg,0,1,3,1,3,2,"1,6","1,6",0,5,5,0,4,"4,1","0,1",h,h,1
2022-10-16_1.__aug,2,betsafe,germany,bundesliga,2022/2023,16/10/2022,15:30:00,1._fc_koln,augsburg,0,1,3,1,3,2,"1,7","1,62","-0,08","4,5",5,"0,5","4,35","4,5","0,15",h,h,1
2022-10-16_1.__aug,15,betsson,germany,bundesliga,2022/2023,16/10/2022,15:30:00,1._fc_koln,augsburg,0,1,3,1,3,2,"1,7","1,62","-0,08","4,5",5,"0,5","4,35","4,5","0,15",h,h,1
2022-10-16_1.__aug,19,betvictor,germany,bundesliga,2022/2023,16/10/2022,15:30:00,1._fc_koln,augsburg,0,1,3,1,3,2,"1,65","1,6","-0,05",5,5,0,4,"4,2","0,2",h,h,1
2022-10-16_1.__aug,14,betway,germany,bundesliga,2022/2023,16/10/2022,15:30:00,1._fc_koln,augsburg,0,1,3,1,3,2,"1,73","1,62","-0,11","4,5",5,"0,5",4,"4,33","0,33",h,h,1
2022-10-16_1.__aug,1,bwin,germany,bundesliga,2022/2023,16/10/2022,15:30:00,1._fc_koln,augsburg,0,1,3,1,3,2,"1,68","1,63","-0,05","4,33","4,8","0,47","4,33","4,2","-0,13",h,h,1
2022-10-16_1.__aug,13,comeon,germany,bundesliga,2022/2023,16/10/2022,15:30:00,1._fc_koln,augsburg,0,1,3,1,3,2,"1,66","1,6","-0,06","4,5",5,"0,5","3,75","4,25","0,5",h,h,1
2022-10-16_1.__aug,3,interwetten,germany,bundesliga,2022/2023,16/10/2022,15:30:00,1._fc_koln,augsburg,0,1,3,1,3,2,"1,67","1,67",0,"4,8","4,9","0,1","4,1",4,"-0,1",h,h,1
2022-10-16_1.__aug,10,pinnacle,germany,bundesliga,2022/2023,16/10/2022,15:30:00,1._fc_koln,augsburg,0,1,3,1,3,2,"1,54","1,64","0,1","6,31","5,39","-0,92","4,57","4,47","-0,1",h,h,1
2022-10-16_1.__aug,4,unibet,germany,bundesliga,2022/2023,16/10/2022,15:30:00,1._fc_koln,augsburg,0,1,3,1,3,2,"1,7","1,62","-0,08","4,7",5,"0,3","3,95","4,25","0,3",h,h,1
2022-10-16_1.__aug,22,william hill,germany,bundesliga,2022/2023,16/10/2022,15:30:00,1._fc_koln,augsburg,0,1,3,1,3,2,"1,7","1,6","-0,1","4,75",5,"0,25","3,8","4,2","0,4",h,h,1
2022-10-16_1.__aug,12,betfair exchange,germany,bundesliga,2022/2023,16/10/2022,15:30:00,1._fc_koln,augsburg,0,1,3,1,3,2,"1,43","1,62","0,19","1,2","5,28","4,08","2,66","4,42","1,76",h,h,1
2020-12-16_1.__bay,7,10bet,germany,bundesliga,2020/2021,16/12/2020,20:30:00,1._fc_koln,bayer_leverkusen,0,2,0,2,0,4,"4,85",5,"0,15","1,59","1,65","0,06","4,05","4,35","0,3",a,d,0
2020-12-16_1.__bay,9,188bet,germany,bundesliga,2020/2021,16/12/2020,20:30:00,1._fc_koln,bayer_leverkusen,0,2,0,2,0,4,"4,6","5,1","0,5","1,66","1,66",0,"4,35","4,2","-0,15",a,d,0
2020-12-16_1.__bay,18,1xbet,germany,bundesliga,2020/2021,16/12/2020,20:30:00,1._fc_koln,bayer_leverkusen,0,2,0,2,0,4,"4,34","5,13","0,79","1,84","1,61","-0,23","4,14","4,62","0,48",a,d,0
2020-12-16_1.__bay,17,888sport,germany,bundesliga,2020/2021,16/12/2020,20:30:00,1._fc_koln,bayer_leverkusen,0,2,0,2,0,4,5,"5,2","0,2","1,7","1,58","-0,12","3,8","4,4","0,6",a,d,0
2020-12-16_1.__bay,5,bet-at-home,germany,bundesliga,2020/2021,16/12/2020,20:30:00,1._fc_koln,bayer_leverkusen,0,2,0,2,0,4,"4,6",5,"0,4","1,65","1,64","-0,01","4,1","4,2","0,1",a,d,0
2020-12-16_1.__bay,8,bet365,germany,bundesliga,2020/2021,16/12/2020,20:30:00,1._fc_koln,bayer_leverkusen,0,2,0,2,0,4,"4,75","4,75",0,"1,61","1,6","-0,01","4,2","4,5","0,3",a,d,0
2020-12-16_1.__bay,6,betfair,germany,bundesliga,2020/2021,16/12/2020,20:30:00,1._fc_koln,bayer_leverkusen,0,2,0,2,0,4,"4,6","5,5","0,9","1,62","1,57","-0,05",4,"4,33","0,33",a,d,0
2020-12-16_1.__bay,2,betsafe,germany,bundesliga,2020/2021,16/12/2020,20:30:00,1._fc_koln,bayer_leverkusen,0,2,0,2,0,4,5,5,0,"1,66","1,6","-0,06","4,2","4,5","0,3",a,d,0
2020-12-16_1.__bay,15,betsson,germany,bundesliga,2020/2021,16/12/2020,20:30:00,1._fc_koln,bayer_leverkusen,0,2,0,2,0,4,5,5,0,"1,66","1,6","-0,06","4,2","4,5","0,3",a,d,0
2020-12-16_1.__bay,19,betvictor,germany,bundesliga,2020/2021,16/12/2020,20:30:00,1._fc_koln,bayer_leverkusen,0,2,0,2,0,4,"4,4",5,"0,6","1,65","1,6","-0,05","4,2","4,2",0,a,d,0
2020-12-16_1.__bay,14,betway,germany,bundesliga,2020/2021,16/12/2020,20:30:00,1._fc_koln,bayer_leverkusen,0,2,0,2,0,4,"5,25","5,25",0,"1,62","1,57","-0,05","4,2","4,5","0,3",a,d,0
2020-12-16_1.__bay,1,bwin,germany,bundesliga,2020/2021,16/12/2020,20:30:00,1._fc_koln,bayer_leverkusen,0,2,0,2,0,4,"4,75","5,25","0,5","1,6","1,57","-0,03","4,2","4,5","0,3",a,d,0
2020-12-16_1.__bay,13,comeon,germany,bundesliga,2020/2021,16/12/2020,20:30:00,1._fc_koln,bayer_leverkusen,0,2,0,2,0,4,"4,75","4,95","0,2","1,57","1,63","0,06",4,"4,25","0,25",a,d,0